// ISO-Designer ISO 11783   Version 5.7.2.6664 Bucher Automation AG
// Do not change!

#include "DefaultPool.iop.h"
#include "DefaultPool.c.h"

#define WORD(w)  (unsigned char)w, (unsigned char)(w >> 8)
#define LONG(l)  (unsigned char)l, \
					(unsigned char)((unsigned long)l >> 8), \
					(unsigned char)((unsigned long)l >> 16), \
					(unsigned char)((unsigned long)l >> 24)
#define ID(id)           WORD(id)
#define REF(id)          WORD(id)
#define XYREF(id, x, y)  WORD(id), WORD(x), WORD(y)
#define MACRO(ev, id)    ev, id
#define COLOR(c)         c

const unsigned char ISO_OP_MEMORY_CLASS isoOP_DefaultPool[] = {
	17,
	ID(WorkingSet), TYPEID_WORKSET, COLOR_SILVER, 1, ID(DataMask_Main), 1, 0, 2,
		XYREF(OutputString_11019, 3, 9),
		'e', 'n',
		'd', 'e',
	ID(Macro_Reset_Einsatzdauer), TYPEID_MACRO, WORD(16),
		CMD_CHANGE_NUMERIC_VALUE, ID(Einsatzstunden), 0, LONG(0UL),
		CMD_CHANGE_NUMERIC_VALUE, ID(Einsatzminuten), 0, LONG(0UL),
	ID(Macro_Reset_Baeume_gepflanzt), TYPEID_MACRO, WORD(8),
		CMD_CHANGE_NUMERIC_VALUE, ID(OutputNumber_Baeume_gepflanzt), 0, LONG(0UL),
	ID(Macro_Go_To_DataMask_Abstaende), TYPEID_MACRO, WORD(8),
		CMD_CHANGE_ACTIVE_MASK, ID(WorkingSet), ID(DataMask_Einstellungen), 0xFF, 0xFF, 0xFF,
	ID(Macro_Go_To_DataMask_Main), TYPEID_MACRO, WORD(8),
		CMD_CHANGE_ACTIVE_MASK, ID(WorkingSet), ID(DataMask_Main), 0xFF, 0xFF, 0xFF,
	ID(Macro_Go_To_DataMask_Manuell), TYPEID_MACRO, WORD(8),
		CMD_CHANGE_ACTIVE_MASK, ID(WorkingSet), ID(DataMask_Manuel), 0xFF, 0xFF, 0xFF,
	ID(Macro_Go_To_DataMask_Geschwindigkeitssignal), TYPEID_MACRO, WORD(8),
		CMD_CHANGE_ACTIVE_MASK, ID(WorkingSet), ID(DataMask_Geschwindigkeitssignale), 0xFF, 0xFF, 0xFF,
	ID(DataMask_Main), TYPEID_DATAMASK, COLOR_SILVER, ID(SoftKeyMask_S1), 11, 0, 
		XYREF(Einsatzstunden, 243, 175),
		XYREF(OutputString_11009, 43, 175),
		XYREF(Einsatzminuten, 363, 175),
		XYREF(OutputString_11010, 333, 175),
		XYREF(OutputString_11011, 413, 175),
		XYREF(Button_Reset_Einsatzdauer, 170, 215),
		XYREF(OutputString_11013, 45, 350),
		XYREF(OutputNumber_Baeume_gepflanzt, 300, 350),
		XYREF(Button_Reset_Baeume_gepflanzt, 145, 390),
		XYREF(Maschine_small, 240, 15),
		XYREF(logo_grafinger_small, 50, 15),
	ID(DataMask_Einstellungen), TYPEID_DATAMASK, COLOR_SILVER, ID(SoftKeyMask_S1), 26, 0, 
		XYREF(InputNumber_Pflanzabstand, 284, 100),
		XYREF(InputNumber_Luftversatz, 284, 280),
		XYREF(InputNumber_Wasserversatz, 284, 370),
		XYREF(InputNumber_Granulatversatz, 284, 190),
		XYREF(OutputString_Einstellungen_1, 122, 40),
		XYREF(Button_Zurueck, 408, 4),
		XYREF(OutputString_m, 410, 100),
		XYREF(OutputString_cm, 410, 280),
		XYREF(OutputString_cm, 410, 190),
		XYREF(OutputString_cm, 410, 370),
		XYREF(OutputString_11024, 5, 100),
		XYREF(OutputString_11000, 5, 280),
		XYREF(OutputString_11026, 5, 190),
		XYREF(OutputString_11027, 5, 370),
		XYREF(OutputString_11008, 410, 140),
		XYREF(InputNumber_Granulat_Dauer, 284, 230),
		XYREF(InputNumber_Wasser_Dauer, 284, 410),
		XYREF(InputNumber_Luft_Dauer, 284, 320),
		XYREF(InputNumber_Summer_Dauer, 284, 140),
		XYREF(OutputString_11014, 5, 140),
		XYREF(OutputString_11008, 410, 230),
		XYREF(OutputString_11015, 5, 230),
		XYREF(OutputString_11017, 5, 320),
		XYREF(OutputString_11008, 410, 320),
		XYREF(OutputString_11008, 410, 410),
		XYREF(OutputString_11018, 5, 410),
	ID(DataMask_Manuel), TYPEID_DATAMASK, COLOR_SILVER, ID(SoftKeyMask_S1), 7, 0, 
		XYREF(Button_Zurueck, 408, 4),
		XYREF(OutputString_11020, 80, 40),
		XYREF(Button_Granulatschieber, 140, 100),
		XYREF(Button_Summer, 140, 240),
		XYREF(Button_Luftventil, 140, 170),
		XYREF(Button_Wasserpumpe, 140, 310),
		XYREF(Button_Wasserventil, 140, 380),
	ID(DataMask_Geschwindigkeitssignale), TYPEID_DATAMASK, COLOR_SILVER, ID(SoftKeyMask_S1), 16, 0, 
		XYREF(OutputNumber_12000, 344, 100),
		XYREF(OutputNumber_12004, 344, 170),
		XYREF(OutputNumber_12005, 344, 240),
		XYREF(OutputString_11036, 404, 100),
		XYREF(OutputString_11036, 404, 240),
		XYREF(OutputString_11036, 404, 170),
		XYREF(Button_WBSD, 34, 80),
		XYREF(Button_VDS, 34, 150),
		XYREF(Button_GBSD, 34, 220),
		XYREF(Button_MSS, 34, 290),
		XYREF(Button_NMEA, 34, 360),
		XYREF(Button_Zurueck, 403, 7),
		XYREF(OutputNumber_12006, 344, 310),
		XYREF(OutputNumber_12007, 344, 380),
		XYREF(OutputString_11036, 404, 310),
		XYREF(OutputString_11036, 404, 380),
	ID(SoftKeyMask_S1), TYPEID_SKEYMASK, COLOR_SILVER, 12, 0, 
		REF(Start),
		REF(Stop),
		REF(SoftKey_Manuell),
		REF(SoftKey_Einstellungen),
		REF(SoftKey_Geschwindigkeiten),
		REF(SoftKey_Scheinwerfer),
		REF(ObjectPointer_NULL),
		REF(ObjectPointer_NULL),
		REF(ObjectPointer_NULL),
		REF(ObjectPointer_NULL),
		REF(ObjectPointer_NULL),
		REF(ObjectPointer_NULL),
	ID(Start), TYPEID_SOFTKEY, COLOR_WHITE, 1, 1, 0, 
		XYREF(Start_small, 19, 12),
	ID(Stop), TYPEID_SOFTKEY, COLOR_WHITE, 1, 1, 0, 
		XYREF(pause_s, 25, 12),
	ID(SoftKey_Scheinwerfer), TYPEID_SOFTKEY, COLOR_WHITE, 1, 1, 0, 
		XYREF(headlight_small, 0, 0),
	ID(SoftKey_Manuell), TYPEID_SOFTKEY, COLOR_WHITE, 1, 1, 1, 
		XYREF(Manueller_Modus_small, 10, 10),
		MACRO(EV_KEYPRESS, Macro_Go_To_DataMask_Manuell),
	ID(SoftKey_Einstellungen), TYPEID_SOFTKEY, COLOR_WHITE, 1, 1, 1, 
		XYREF(Einstellungen_small, 10, 10),
		MACRO(EV_KEYPRESS, Macro_Go_To_DataMask_Abstaende),
	ID(SoftKey_Geschwindigkeiten), TYPEID_SOFTKEY, COLOR_WHITE, 1, 1, 1, 
		XYREF(gps_wheel_speed_small, 3, 19),
		MACRO(EV_KEYPRESS, Macro_Go_To_DataMask_Geschwindigkeitssignal),
	ID(Button_Granulatschieber), TYPEID_BUTTON, WORD(200), WORD(50), 12, 8, 1, 0, 1, 0, 
		XYREF(OutputString_11021, -3, 12),
	ID(Button_Reset_Einsatzdauer), TYPEID_BUTTON, WORD(150), WORD(50), 8, 8, 1, 0, 1, 1, 
		XYREF(OutputString_11012, -3, 5),
		MACRO(EV_KEYRELEASE, Macro_Reset_Einsatzdauer),
	ID(Button_Summer), TYPEID_BUTTON, WORD(200), WORD(50), 12, 8, 1, 0, 1, 0, 
		XYREF(OutputString_11023, -3, 12),
	ID(Button_Luftventil), TYPEID_BUTTON, WORD(200), WORD(50), 12, 8, 1, 0, 1, 0, 
		XYREF(OutputString_11025, -3, 12),
	ID(Button_Wasserpumpe), TYPEID_BUTTON, WORD(200), WORD(50), 12, 8, 1, 0, 1, 0, 
		XYREF(OutputString_11028, -3, 12),
	ID(Button_Wasserventil), TYPEID_BUTTON, WORD(200), WORD(50), 12, 8, 1, 0, 1, 0, 
		XYREF(OutputString_11029, -3, 12),
	ID(Button_WBSD), TYPEID_BUTTON, WORD(290), WORD(60), 12, 8, 1, 0, 1, 0, 
		XYREF(OutputString_11007, 0, 14),
	ID(Button_VDS), TYPEID_BUTTON, WORD(290), WORD(60), 12, 8, 1, 0, 1, 0, 
		XYREF(OutputString_11004, 0, 14),
	ID(Button_GBSD), TYPEID_BUTTON, WORD(290), WORD(60), 12, 8, 1, 0, 1, 0, 
		XYREF(OutputString_11031, 0, 14),
	ID(Button_MSS), TYPEID_BUTTON, WORD(290), WORD(60), 12, 8, 1, 0, 1, 0, 
		XYREF(OutputString_11032, 0, 14),
	ID(Button_Zurueck), TYPEID_BUTTON, WORD(64), WORD(64), 8, 8, 1, 0, 1, 1, 
		XYREF(Zurueck_small, 0, 10),
		MACRO(EV_KEYPRESS, Macro_Go_To_DataMask_Main),
	ID(Button_Reset_Baeume_gepflanzt), TYPEID_BUTTON, WORD(200), WORD(50), 8, 8, 1, 0, 1, 1, 
		XYREF(OutputString_11016, -3, 5),
		MACRO(EV_KEYRELEASE, Macro_Reset_Baeume_gepflanzt),
	ID(Button_NMEA), TYPEID_BUTTON, WORD(290), WORD(60), 12, 8, 1, 0, 1, 0, 
		XYREF(OutputString_11033, 0, 14),
	ID(InputNumber_Pflanzabstand), TYPEID_INNUM, WORD(120), WORD(30), COLOR_WHITE, ID(FontAttributes_16x24), 0, 
		ID(ID_NULL), LONG(12345UL), LONG(0UL), LONG(1000000UL), LONG(0L), FLOAT_0_001, 3, 0, 2, 1, 0, 
	ID(InputNumber_Luftversatz), TYPEID_INNUM, WORD(120), WORD(30), COLOR_WHITE, ID(FontAttributes_16x24), 0, 
		ID(ID_NULL), LONG(12345UL), LONG(0UL), LONG(1000000UL), LONG(0L), FLOAT_0_1, 1, 0, 2, 1, 0, 
	ID(InputNumber_Wasserversatz), TYPEID_INNUM, WORD(120), WORD(30), COLOR_WHITE, ID(FontAttributes_16x24), 0, 
		ID(ID_NULL), LONG(12345UL), LONG(0UL), LONG(1000000UL), LONG(0L), FLOAT_0_1, 1, 0, 2, 1, 0, 
	ID(InputNumber_Granulatversatz), TYPEID_INNUM, WORD(120), WORD(30), COLOR_WHITE, ID(FontAttributes_16x24), 0, 
		ID(ID_NULL), LONG(12345UL), LONG(0UL), LONG(1000000UL), LONG(0L), FLOAT_0_1, 1, 0, 2, 1, 0, 
	ID(InputNumber_Summer_Dauer), TYPEID_INNUM, WORD(120), WORD(30), COLOR_WHITE, ID(FontAttributes_16x24), 0, 
		ID(ID_NULL), LONG(12345UL), LONG(0UL), LONG(65535UL), LONG(0L), FLOAT_1, 0, 0, 2, 1, 0, 
	ID(InputNumber_Luft_Dauer), TYPEID_INNUM, WORD(120), WORD(30), COLOR_WHITE, ID(FontAttributes_16x24), 0, 
		ID(ID_NULL), LONG(12345UL), LONG(0UL), LONG(65535UL), LONG(0L), FLOAT_1, 0, 0, 2, 1, 0, 
	ID(InputNumber_Wasser_Dauer), TYPEID_INNUM, WORD(120), WORD(30), COLOR_WHITE, ID(FontAttributes_16x24), 0, 
		ID(ID_NULL), LONG(12345UL), LONG(0UL), LONG(65535UL), LONG(0L), FLOAT_1, 0, 0, 2, 1, 0, 
	ID(InputNumber_Granulat_Dauer), TYPEID_INNUM, WORD(120), WORD(30), COLOR_WHITE, ID(FontAttributes_16x24), 0, 
		ID(ID_NULL), LONG(12345UL), LONG(0UL), LONG(65535UL), LONG(0L), FLOAT_1, 0, 0, 2, 1, 0, 
	ID(OutputString_11000), TYPEID_OUTSTR, WORD(228), WORD(30), COLOR_SILVER, ID(FontAttributes_12x16), 0,
		ID(ID_NULL), 0, WORD(18), 'L', 'u', 'f', 't', ' ', 'c', 'm', ' ', 'v', 'o', 'r', ' ', 'S', 'u', 'm', 'm', 'e', 'r', 0,
	ID(OutputString_cm), TYPEID_OUTSTR, WORD(44), WORD(30), COLOR_SILVER, ID(FontAttributes_16x24), 0,
		ID(ID_NULL), 0, WORD(2), 'c', 'm', 0,
	ID(OutputString_Einstellungen_1), TYPEID_OUTSTR, WORD(214), WORD(50), COLOR_SILVER, ID(FontAttributes_16x24), 0,
		ID(ID_NULL), 1, WORD(13), 'E', 'i', 'n', 's', 't', 'e', 'l', 'l', 'u', 'n', 'g', 'e', 'n', 0,
	ID(OutputString_11007), TYPEID_OUTSTR, WORD(282), WORD(30), COLOR_WHITE, ID(FontAttributes_16x24), 1,
		ID(ID_NULL), 1, WORD(6), 'R', 'e', 'i', 'f', 'e', 'n', 0,
	ID(OutputString_11008), TYPEID_OUTSTR, WORD(44), WORD(34), COLOR_SILVER, ID(FontAttributes_16x24), 0,
		ID(ID_NULL), 0, WORD(2), 'm', 's', 0,
	ID(OutputString_11009), TYPEID_OUTSTR, WORD(200), WORD(24), COLOR_SILVER, ID(FontAttributes_16x24), 0,
		ID(ID_NULL), 0, WORD(12), 'E', 'i', 'n', 's', 'a', 't', 'z', 'd', 'a', 'u', 'e', 'r', 0,
	ID(OutputString_11010), TYPEID_OUTSTR, WORD(20), WORD(24), COLOR_SILVER, ID(FontAttributes_16x24), 0,
		ID(ID_NULL), 0, WORD(1), 'h', 0,
	ID(OutputString_11011), TYPEID_OUTSTR, WORD(20), WORD(24), COLOR_SILVER, ID(FontAttributes_16x24), 0,
		ID(ID_NULL), 0, WORD(1), 'm', 0,
	ID(OutputString_11012), TYPEID_OUTSTR, WORD(146), WORD(46), COLOR_WHITE, ID(FontAttributes_12x16), 3,
		ID(ID_NULL), 1, WORD(23), ' ', ' ', ' ', 'R', 'e', 's', 'e', 't', ' ', '\r', '\n',
		'E', 'i', 'n', 's', 'a', 't', 'z', 'd', 'a', 'u', 'e', 'r', 0,
	ID(OutputString_11013), TYPEID_OUTSTR, WORD(270), WORD(24), COLOR_SILVER, ID(FontAttributes_16x24), 0,
		ID(ID_NULL), 0, WORD(15), 'B', 'ä', 'u', 'm', 'e', ' ', 'g', 'e', 'p', 'f', 'l', 'a', 'n', 'z', 't', 0,
	ID(OutputString_11014), TYPEID_OUTSTR, WORD(228), WORD(30), COLOR_SILVER, ID(FontAttributes_12x16), 0,
		ID(ID_NULL), 0, WORD(12), 'S', 'u', 'm', 'm', 'e', 'r', ' ', 'D', 'a', 'u', 'e', 'r', 0,
	ID(OutputString_11015), TYPEID_OUTSTR, WORD(228), WORD(30), COLOR_SILVER, ID(FontAttributes_12x16), 0,
		ID(ID_NULL), 0, WORD(14), 'G', 'r', 'a', 'n', 'u', 'l', 'a', 't', ' ', 'D', 'a', 'u', 'e', 'r', 0,
	ID(OutputString_11016), TYPEID_OUTSTR, WORD(190), WORD(46), COLOR_WHITE, ID(FontAttributes_12x16), 3,
		ID(ID_NULL), 1, WORD(29), ' ', ' ', ' ', ' ', ' ', ' ', 'R', 'e', 's', 'e', 't', ' ', '\r', '\n',
		'B', 'ä', 'u', 'm', 'e', ' ', 'g', 'e', 'p', 'f', 'l', 'a', 'n', 'z', 't', 0,
	ID(OutputString_11017), TYPEID_OUTSTR, WORD(228), WORD(30), COLOR_SILVER, ID(FontAttributes_12x16), 0,
		ID(ID_NULL), 0, WORD(10), 'L', 'u', 'f', 't', ' ', 'D', 'a', 'u', 'e', 'r', 0,
	ID(OutputString_11018), TYPEID_OUTSTR, WORD(228), WORD(30), COLOR_SILVER, ID(FontAttributes_12x16), 0,
		ID(ID_NULL), 0, WORD(12), 'W', 'a', 's', 's', 'e', 'r', ' ', 'D', 'a', 'u', 'e', 'r', 0,
	ID(OutputString_11019), TYPEID_OUTSTR, WORD(73), WORD(60), COLOR_SILVER, ID(FontAttributes_6x8), 2,
		ID(ID_NULL), 0, WORD(13), 'B', 'a', 'u', 'm', 's', 'e', 't', 'z', 'e', 'r', ' ', 'J', 'R', 0,
	ID(OutputString_11020), TYPEID_OUTSTR, WORD(320), WORD(50), COLOR_SILVER, ID(FontAttributes_16x24), 2,
		ID(ID_NULL), 1, WORD(36), 'Z', 'u', 'm', ' ', 'A', 'n', 'h', 'a', 'l', 't', 'e', 'n', ' ', 'a', 'u', 'f', ' ', 'S', 't', 'o', 'p', 'p', 't', 'a', 's', 't', 'e', ' ', 'd', 'r', 'ü', 'c', 'k', 'e', 'n', '!', 0,
	ID(OutputString_11021), TYPEID_OUTSTR, WORD(200), WORD(20), COLOR_WHITE, ID(FontAttributes_12x16), 1,
		ID(ID_NULL), 1, WORD(16), 'G', 'r', 'a', 'n', 'u', 'l', 'a', 't', 's', 'c', 'h', 'i', 'e', 'b', 'e', 'r', 0,
	ID(OutputString_m), TYPEID_OUTSTR, WORD(44), WORD(30), COLOR_SILVER, ID(FontAttributes_16x24), 0,
		ID(ID_NULL), 0, WORD(2), ' ', 'm', 0,
	ID(OutputString_11023), TYPEID_OUTSTR, WORD(200), WORD(20), COLOR_WHITE, ID(FontAttributes_12x16), 1,
		ID(ID_NULL), 1, WORD(6), 'S', 'u', 'm', 'm', 'e', 'r', 0,
	ID(OutputString_11024), TYPEID_OUTSTR, WORD(228), WORD(30), COLOR_SILVER, ID(FontAttributes_12x16), 0,
		ID(ID_NULL), 0, WORD(16), 'P', 'f', 'l', 'a', 'n', 'z', 'e', 'n', ' ', 'A', 'b', 's', 't', 'a', 'n', 'd', 0,
	ID(OutputString_11025), TYPEID_OUTSTR, WORD(200), WORD(20), COLOR_WHITE, ID(FontAttributes_12x16), 1,
		ID(ID_NULL), 1, WORD(10), 'L', 'u', 'f', 't', 'v', 'e', 'n', 't', 'i', 'l', 0,
	ID(OutputString_11026), TYPEID_OUTSTR, WORD(275), WORD(30), COLOR_SILVER, ID(FontAttributes_12x16), 0,
		ID(ID_NULL), 0, WORD(22), 'G', 'r', 'a', 'n', 'u', 'l', 'a', 't', ' ', 'c', 'm', ' ', 'v', 'o', 'r', ' ', 'S', 'u', 'm', 'm', 'e', 'r', 0,
	ID(OutputString_11027), TYPEID_OUTSTR, WORD(277), WORD(30), COLOR_SILVER, ID(FontAttributes_12x16), 0,
		ID(ID_NULL), 0, WORD(21), 'W', 'a', 's', 's', 'e', 'r', ' ', 'c', 'm', ' ', 'n', 'a', 'c', 'h', ' ', 'S', 'u', 'm', 'm', 'e', 'r', 0,
	ID(OutputString_11028), TYPEID_OUTSTR, WORD(200), WORD(20), COLOR_WHITE, ID(FontAttributes_12x16), 1,
		ID(ID_NULL), 1, WORD(11), 'W', 'a', 's', 's', 'e', 'r', 'p', 'u', 'm', 'p', 'e', 0,
	ID(OutputString_11029), TYPEID_OUTSTR, WORD(200), WORD(20), COLOR_WHITE, ID(FontAttributes_12x16), 1,
		ID(ID_NULL), 1, WORD(12), 'W', 'a', 's', 's', 'e', 'r', 'v', 'e', 'n', 't', 'i', 'l', 0,
	ID(OutputString_11031), TYPEID_OUTSTR, WORD(282), WORD(30), COLOR_WHITE, ID(FontAttributes_16x24), 1,
		ID(ID_NULL), 1, WORD(5), 'R', 'a', 'd', 'a', 'r', 0,
	ID(OutputString_11032), TYPEID_OUTSTR, WORD(282), WORD(30), COLOR_WHITE, ID(FontAttributes_16x24), 1,
		ID(ID_NULL), 1, WORD(13), 'T', 'r', 'a', 'k', 't', 'o', 'r', ' ', '(', 'M', 'S', 'S', ')', 0,
	ID(OutputString_11033), TYPEID_OUTSTR, WORD(282), WORD(30), COLOR_WHITE, ID(FontAttributes_16x24), 1,
		ID(ID_NULL), 1, WORD(17), 'N', 'a', 'v', 'i', 'g', 'a', 't', 'i', 'o', 'n', ' ', '(', 'N', 'M', 'E', 'A', ')', 0,
	ID(OutputString_11036), TYPEID_OUTSTR, WORD(75), WORD(25), COLOR_SILVER, ID(FontAttributes_16x24), 0,
		ID(ID_NULL), 0, WORD(4), 'k', 'm', '/', 'h', 0,
	ID(OutputString_11004), TYPEID_OUTSTR, WORD(282), WORD(30), COLOR_WHITE, ID(FontAttributes_16x24), 1,
		ID(ID_NULL), 1, WORD(16), 'N', 'a', 'v', 'i', 'g', 'a', 't', 'i', 'o', 'n', ' ', '(', 'V', 'D', 'S', ')', 0,
	ID(OutputNumber_12000), TYPEID_OUTNUM, WORD(110), WORD(25), COLOR_SILVER, ID(FontAttributes_16x24), 0,
		ID(ID_NULL), LONG(0UL), LONG(0L), 0xFA, 0xED, 0x6B, 0x3B, 1, 0, 0, 0,
	ID(Einsatzstunden), TYPEID_OUTNUM, WORD(80), WORD(24), COLOR_SILVER, ID(FontAttributes_16x24), 0,
		ID(NumberVariable_Einsatzdauer_Stunden), LONG(0UL), LONG(0L), FLOAT_1, 0, 0, 2, 0,
	ID(Einsatzminuten), TYPEID_OUTNUM, WORD(40), WORD(24), COLOR_SILVER, ID(FontAttributes_16x24), 0,
		ID(NumberVariable_Einsatzdauer_Minuten), LONG(0UL), LONG(0L), FLOAT_1, 0, 0, 2, 0,
	ID(OutputNumber_Baeume_gepflanzt), TYPEID_OUTNUM, WORD(160), WORD(24), COLOR_SILVER, ID(FontAttributes_16x24), 0,
		ID(NumberVariable_Baumzaehler), LONG(0UL), LONG(0L), FLOAT_1, 0, 0, 1, 0,
	ID(OutputNumber_12004), TYPEID_OUTNUM, WORD(110), WORD(25), COLOR_SILVER, ID(FontAttributes_16x24), 0,
		ID(ID_NULL), LONG(0UL), LONG(0L), 0xFA, 0xED, 0x6B, 0x3B, 1, 0, 0, 0,
	ID(OutputNumber_12005), TYPEID_OUTNUM, WORD(110), WORD(25), COLOR_SILVER, ID(FontAttributes_16x24), 0,
		ID(ID_NULL), LONG(0UL), LONG(0L), 0xFA, 0xED, 0x6B, 0x3B, 1, 0, 0, 0,
	ID(OutputNumber_12006), TYPEID_OUTNUM, WORD(110), WORD(25), COLOR_SILVER, ID(FontAttributes_16x24), 0,
		ID(ID_NULL), LONG(0UL), LONG(0L), 0xFA, 0xED, 0x6B, 0x3B, 1, 0, 0, 0,
	ID(OutputNumber_12007), TYPEID_OUTNUM, WORD(110), WORD(25), COLOR_SILVER, ID(FontAttributes_16x24), 0,
		ID(ID_NULL), LONG(0UL), LONG(0L), 0xFA, 0xED, 0x6B, 0x3B, 1, 0, 0, 0,
	ID(Maschine_small), TYPEID_OUTPICT, WORD(230), WORD(230), WORD(128), 
		0, 1, COLOR_WHITE, LONG(3712UL), 0, 
		0x00, 0x00, 0x00, 0x00, 0x00, 0x00, 0x00, 0x07, 0xFF, 0xFF, 0xFF, 0xFF, 
		0xFF, 0xFF, 0xFF, 0xFF, 0xFF, 0xFF, 0xFF, 0xFF, 0xFF, 0xFF, 0xFF, 0xFF, 
		0xFF, 0xFF, 0xFF, 0xFF, 0xFC, 0x00, 0x00, 0x00, 0x00, 0x00, 0x00, 0x00, 
		0x01, 0xFF, 0xFF, 0xFF, 0xFF, 0xFF, 0xFF, 0xFF, 0xFF, 0xFF, 0xFF, 0xFF, 
		0xFF, 0xFF, 0xFF, 0xFF, 0xFF, 0xFF, 0xFF, 0xFF, 0xFF, 0xFC, 0x00, 0x00, 
		0x00, 0x00, 0x00, 0x00, 0x00, 0x00, 0xFF, 0xFF, 0xFF, 0xFF, 0xFF, 0xFF, 
		0xFF, 0xFF, 0xFF, 0xFF, 0xFF, 0xFF, 0xFF, 0xFF, 0xFF, 0xFF, 0xFF, 0xFF, 
		0xFF, 0xFF, 0xFC, 0x00, 0x00, 0x00, 0x00, 0x00, 0x00, 0x00, 0x00, 0xFF, 
		0xFF, 0xFF, 0xFF, 0xFF, 0xFF, 0xFF, 0xFF, 0xFF, 0xFF, 0xFF, 0xFF, 0xFF, 
		0xFF, 0xFF, 0xFF, 0xFF, 0xFF, 0xFF, 0xFF, 0xFC, 0xFF, 0xFF, 0xFF, 0xFF, 
		0xFF, 0xFF, 0xFF, 0xE0, 0x7F, 0xFF, 0xFF, 0xFF, 0xFF, 0xFF, 0xFF, 0xFF, 
		0xFF, 0xFF, 0xFF, 0xFF, 0xFF, 0xFF, 0xFF, 0xFF, 0xFF, 0xFF, 0xFF, 0xFF, 
		0xFC, 0xFF, 0xFF, 0xFF, 0xFF, 0xFF, 0xFF, 0xFF, 0xF0, 0x7F, 0xFF, 0xFF, 
		0xFF, 0xFF, 0xFF, 0xFF, 0xFF, 0xFF, 0xFF, 0xFF, 0xFF, 0xFF, 0xFF, 0xFF, 
		0xFF, 0xFF, 0xFF, 0xFF, 0xFF, 0xFC, 0xFF, 0xFF, 0xFF, 0xFF, 0xFF, 0xFF, 
		0xFF, 0xF0, 0x7F, 0xFF, 0xFF, 0xFF, 0xFF, 0xFF, 0xFF, 0xFF, 0xFF, 0xFF, 
		0xFF, 0xFF, 0xFF, 0xFF, 0xFF, 0xFF, 0xFF, 0xFF, 0xFF, 0xFF, 0xFC, 0xFF, 
		0xFF, 0xFF, 0xFF, 0xFF, 0xFF, 0xFF, 0xF0, 0x7F, 0xFF, 0xFF, 0xFF, 0xFF, 
		0xFF, 0xFF, 0xFF, 0xFF, 0xFF, 0xFF, 0xFF, 0xFF, 0xFF, 0xFF, 0xFF, 0xFF, 
		0xFF, 0xFF, 0xFF, 0xFC, 0x00, 0x00, 0x00, 0x00, 0x00, 0x00, 0x00, 0x00, 
		0xFF, 0xFF, 0xFF, 0xFF, 0xFF, 0xFF, 0xFF, 0xFF, 0xFF, 0xFF, 0xFF, 0xFF, 
		0xFF, 0xFF, 0xFF, 0xFF, 0xFF, 0xFF, 0xFF, 0xFF, 0xFC, 0x00, 0x00, 0x00, 
		0x00, 0x00, 0x00, 0x00, 0x00, 0xFF, 0xFF, 0xFF, 0xFF, 0xFF, 0xFF, 0xFF, 
		0xFF, 0xFF, 0xFF, 0xFF, 0xFF, 0xFF, 0xFF, 0xFF, 0xFF, 0xFF, 0xFF, 0xFF, 
		0xFF, 0xFC, 0x00, 0x00, 0x00, 0x00, 0x00, 0x00, 0x00, 0x00, 0xFF, 0xFF, 
		0xFF, 0xFF, 0xFF, 0xFF, 0xFF, 0xFF, 0xFF, 0xFF, 0xFF, 0xFF, 0xFF, 0xFF, 
		0xFF, 0xFF, 0xFF, 0xFF, 0xFF, 0xFF, 0xFC, 0x00, 0x00, 0x00, 0x00, 0x00, 
		0x00, 0x00, 0x01, 0xFF, 0xFF, 0xFF, 0xFF, 0xFF, 0xFF, 0xFF, 0xFF, 0xFF, 
		0xFF, 0xFF, 0xFF, 0xFF, 0xFF, 0xFF, 0xFF, 0xFF, 0xFF, 0xFF, 0xFF, 0xFC, 
		0x00, 0x00, 0x00, 0x00, 0x00, 0x00, 0x00, 0x07, 0xFF, 0xFF, 0xFF, 0xFF, 
		0xFF, 0xFF, 0xFF, 0xFF, 0xFF, 0xFF, 0xFF, 0xFF, 0xFF, 0xFF, 0xFF, 0xFF, 
		0xFF, 0xFF, 0xFF, 0xFF, 0xFC, 0xFF, 0xFF, 0xFF, 0xFF, 0x83, 0xFF, 0xFC, 
		0x3F, 0xFF, 0xFF, 0xFF, 0xFF, 0xFF, 0xFF, 0xFF, 0xFF, 0xFF, 0xFF, 0xFF, 
		0xFF, 0xFF, 0xFF, 0xFF, 0xFF, 0xFF, 0xFF, 0xFF, 0xFF, 0xFC, 0xFF, 0xFF, 
		0xFF, 0xFF, 0x83, 0xFF, 0xFC, 0x3F, 0xFF, 0xFF, 0xFF, 0xFF, 0xFF, 0xFF, 
		0xFF, 0xFF, 0xFF, 0xFF, 0xFF, 0xFF, 0xFF, 0xFF, 0xFF, 0xFF, 0xFF, 0xFF, 
		0xFF, 0xFF, 0xFC, 0xFF, 0xFF, 0xFF, 0xFF, 0x83, 0xFF, 0xFC, 0x3F, 0xFF, 
		0xFF, 0xFF, 0xFF, 0xFF, 0xFF, 0xFF, 0xFF, 0xFF, 0xFF, 0xFF, 0xFF, 0xFF, 
		0xFF, 0xFF, 0xFF, 0xFF, 0xFF, 0xFF, 0xFF, 0xFC, 0xFF, 0xFF, 0xFF, 0xFF, 
		0x83, 0xFF, 0xFC, 0x3F, 0xFF, 0xFF, 0xFF, 0xFF, 0xFF, 0xFF, 0xFF, 0xFF, 
		0xFF, 0xFF, 0xFF, 0xFF, 0xFF, 0xFF, 0xFF, 0xFF, 0xFF, 0xFF, 0xFF, 0xFF, 
		0xFC, 0xFF, 0xFF, 0xFF, 0xFF, 0x83, 0xFF, 0xFC, 0x3F, 0xFF, 0xFF, 0xFF, 
		0xFF, 0xFF, 0xFF, 0xFF, 0xFF, 0xFF, 0xFF, 0xFF, 0xFF, 0xFF, 0xFF, 0xFF, 
		0xFF, 0xFF, 0xFF, 0xFF, 0xFF, 0xFC, 0xFF, 0xFF, 0xFF, 0xFF, 0x83, 0xFF, 
		0xFC, 0x3F, 0xFF, 0xFF, 0xFF, 0xFF, 0xFF, 0xFF, 0xFF, 0xFF, 0xFF, 0xFF, 
		0xFF, 0xFF, 0xFF, 0xFF, 0xFF, 0xFF, 0xFF, 0xFF, 0xFF, 0xFF, 0xFC, 0xFF, 
		0xFF, 0xFF, 0xFF, 0x83, 0xFF, 0xFC, 0x3F, 0xFF, 0xFF, 0xFF, 0xFF, 0xFF, 
		0xFF, 0xFF, 0xFF, 0xFF, 0xFF, 0xFF, 0xFF, 0xFF, 0xFF, 0xFF, 0xFF, 0xFF, 
		0xFF, 0xFF, 0xFF, 0xFC, 0xFF, 0xFF, 0xFF, 0xFF, 0x83, 0xFF, 0xFC, 0x3F, 
		0xFF, 0xFF, 0xFF, 0xFF, 0xFF, 0xFF, 0xFF, 0xFF, 0xFF, 0xFF, 0xFF, 0xFF, 
		0xFF, 0xFF, 0xFF, 0xFF, 0xFF, 0xFF, 0xFF, 0xFF, 0xFC, 0xFF, 0xFF, 0xFF, 
		0xFF, 0x83, 0xFF, 0xFC, 0x3F, 0xFF, 0xFF, 0xFF, 0xFF, 0xFF, 0xFF, 0xFF, 
		0xFF, 0xFF, 0xFF, 0xFF, 0xFF, 0xFF, 0xFF, 0xFF, 0xFF, 0xFF, 0xFF, 0xFF, 
		0xFF, 0xFC, 0xFF, 0xFF, 0xFF, 0xFF, 0x83, 0xFF, 0xFC, 0x3F, 0xFF, 0xFF, 
		0xFF, 0xFF, 0xFF, 0xFF, 0xFF, 0xFF, 0xFF, 0xFF, 0xFF, 0xFF, 0xFF, 0xFF, 
		0xFF, 0xFF, 0xFF, 0xFF, 0xFF, 0xFF, 0xFC, 0xFF, 0xFF, 0xFF, 0xFF, 0x83, 
		0xFF, 0xFC, 0x3F, 0xFF, 0xFF, 0xFF, 0xFF, 0xFF, 0xFF, 0xFF, 0xFF, 0xFF, 
		0xFF, 0xFF, 0xFF, 0xFF, 0xFF, 0xFF, 0xFF, 0xFF, 0xFF, 0xFF, 0xFF, 0xFC, 
		0xFF, 0xFF, 0xFF, 0xFF, 0x83, 0xFF, 0xFC, 0x3F, 0xFF, 0xFF, 0xFF, 0xFF, 
		0xFF, 0xFF, 0xFF, 0xFF, 0xFF, 0xFF, 0xFF, 0xFF, 0xFF, 0xFF, 0xFF, 0xFF, 
		0xFF, 0xFF, 0xFF, 0xFF, 0xFC, 0xFF, 0xFF, 0xFF, 0xFF, 0x83, 0xFF, 0xFC, 
		0x3F, 0xFF, 0xFF, 0xFF, 0xFF, 0xFF, 0xFF, 0xFF, 0xFF, 0xFF, 0xFF, 0xFF, 
		0xFF, 0xFF, 0xFF, 0xFF, 0xFF, 0xFF, 0xFF, 0xFF, 0xFF, 0xFC, 0xFF, 0xFF, 
		0xFF, 0xFF, 0x83, 0xFF, 0xFC, 0x3F, 0xFF, 0xFF, 0xFF, 0xFF, 0xFF, 0xFF, 
		0xFF, 0xFF, 0xFF, 0xFF, 0xFF, 0xFF, 0xFF, 0xFF, 0xFF, 0xFF, 0xFF, 0xFF, 
		0xFF, 0xFF, 0xFC, 0xFF, 0xFF, 0xFF, 0xFF, 0x83, 0xFF, 0xFC, 0x3F, 0xFF, 
		0xFF, 0xFF, 0xFF, 0xFF, 0xFF, 0xFF, 0xFF, 0xFF, 0xFF, 0xFF, 0xFF, 0xFF, 
		0xFF, 0xFF, 0xFF, 0xFF, 0xFF, 0xFF, 0xFF, 0xFC, 0xFF, 0xFF, 0xFF, 0xFF, 
		0x83, 0xFF, 0xFC, 0x3F, 0xFF, 0xFF, 0xFF, 0xFF, 0xFF, 0xFF, 0xFF, 0xFF, 
		0xFF, 0xFF, 0xFF, 0xFF, 0xFF, 0xFF, 0xFF, 0xFF, 0xFF, 0xFF, 0xFF, 0xFF, 
		0xFC, 0xFF, 0xFF, 0xFF, 0xFF, 0x83, 0xFF, 0xFC, 0x3F, 0xFF, 0xFF, 0xFF, 
		0xFF, 0xFF, 0xFF, 0xFF, 0xFF, 0xFF, 0xFF, 0xFF, 0xFF, 0xFF, 0xFF, 0xFF, 
		0xFF, 0xFF, 0xFF, 0xFF, 0xFF, 0xFC, 0xFF, 0xFF, 0xFF, 0xFF, 0x83, 0xFF, 
		0xFC, 0x3F, 0xFF, 0xFF, 0xFF, 0xFF, 0xFF, 0xFF, 0xFF, 0xFF, 0xFF, 0xFF, 
		0xFF, 0xFF, 0xFF, 0xFF, 0xFF, 0xFF, 0xFF, 0xFF, 0xFF, 0xFF, 0xFC, 0xFF, 
		0xFF, 0xFF, 0xFF, 0x83, 0xFF, 0xFC, 0x3F, 0xFF, 0xFF, 0xFF, 0xFF, 0xFF, 
		0xFF, 0xFF, 0xFF, 0xFF, 0xFF, 0xFF, 0xFF, 0xFF, 0xFF, 0xFF, 0xFF, 0xFF, 
		0xFF, 0xFF, 0xFF, 0xFC, 0xFF, 0xFF, 0xFF, 0xFF, 0x83, 0xFF, 0xFC, 0x3F, 
		0xFF, 0xFF, 0xFF, 0xFF, 0xFF, 0xFF, 0xFF, 0xFF, 0xFF, 0xFF, 0xFF, 0xFF, 
		0xFF, 0xFF, 0xFF, 0xFF, 0xFF, 0xFF, 0xFF, 0xFF, 0xFC, 0xFF, 0xFF, 0xFF, 
		0xFF, 0x83, 0xFF, 0xFC, 0x3F, 0xFF, 0xFF, 0xFF, 0xFF, 0xFF, 0xFF, 0xFF, 
		0xFF, 0xFF, 0xFF, 0xFF, 0xFF, 0xFF, 0xFF, 0xFF, 0xFF, 0xFF, 0xFF, 0xFF, 
		0xFF, 0xFC, 0xFF, 0xFF, 0xFF, 0xFF, 0x83, 0xFF, 0xFC, 0x3F, 0xFF, 0xFF, 
		0xFF, 0xFF, 0xFF, 0xFF, 0xFF, 0xFF, 0xFF, 0xFF, 0xFF, 0xFF, 0xFF, 0xFF, 
		0xFF, 0xFF, 0xFF, 0xFF, 0xFF, 0xFF, 0xFC, 0xFF, 0xFF, 0xFF, 0xFF, 0x83, 
		0xFF, 0xFC, 0x3F, 0xFF, 0xFF, 0xFF, 0xFF, 0xFF, 0xFF, 0xFF, 0xFF, 0xFF, 
		0xFF, 0xFF, 0xFF, 0xFF, 0xFF, 0xFF, 0xFF, 0xFF, 0xFF, 0xFF, 0xFF, 0xFC, 
		0xFF, 0xFF, 0xFF, 0xFF, 0x83, 0xFF, 0xFC, 0x3F, 0xFF, 0xFF, 0xFF, 0xFF, 
		0xFF, 0xFF, 0xFF, 0xFF, 0xFF, 0xFF, 0xFF, 0xFF, 0xFF, 0xFF, 0xFF, 0xFF, 
		0xFF, 0xFF, 0xFF, 0xFF, 0xFC, 0xFF, 0xFF, 0xFF, 0xFF, 0x83, 0xFF, 0xFC, 
		0x3F, 0xFF, 0xFF, 0xFF, 0xFF, 0xFF, 0xFF, 0xFF, 0xFF, 0xFF, 0xFF, 0xFF, 
		0xFF, 0xFF, 0xFF, 0xFF, 0xFF, 0xFF, 0xFF, 0xFF, 0xFF, 0xFC, 0xFF, 0xFF, 
		0xFF, 0xFF, 0x83, 0xFF, 0xFC, 0x3F, 0xFF, 0xFF, 0xFF, 0xFF, 0xFF, 0xFF, 
		0xFF, 0xFF, 0xFF, 0xFF, 0xFF, 0xFF, 0xFF, 0xFF, 0xFF, 0xFF, 0xFF, 0xFF, 
		0xFF, 0xFF, 0xFC, 0xFF, 0xFF, 0xFF, 0xFF, 0x83, 0xFF, 0xFC, 0x3F, 0xFF, 
		0xFF, 0xFF, 0xFF, 0xFF, 0xFF, 0xFF, 0xFF, 0xFF, 0xFF, 0xFF, 0xFF, 0xFF, 
		0xFF, 0xFF, 0xFF, 0xFF, 0xFF, 0xFF, 0xFF, 0xFC, 0xFF, 0xFF, 0xFF, 0xFF, 
		0x83, 0xFF, 0xFC, 0x3F, 0xFF, 0xFF, 0xFF, 0xFF, 0xFF, 0xFF, 0xFF, 0xFF, 
		0xFF, 0xFF, 0xFF, 0xFF, 0xFF, 0xFF, 0xFF, 0xFF, 0xFF, 0xFF, 0xFF, 0xFF, 
		0xFC, 0xFF, 0xFF, 0xFF, 0xFF, 0x83, 0xFF, 0xFC, 0x3F, 0xFF, 0xFF, 0xFF, 
		0xFF, 0xFF, 0xFF, 0xFF, 0xFF, 0xFF, 0xFF, 0xFF, 0xFF, 0xFF, 0xFF, 0xFF, 
		0xFF, 0xFF, 0xFF, 0xFF, 0xFF, 0xFC, 0xFF, 0xFF, 0xFF, 0xFF, 0x83, 0xFF, 
		0xFC, 0x3F, 0xFF, 0xFF, 0xFF, 0xFF, 0xFF, 0xFF, 0xFF, 0xFF, 0xFF, 0xFF, 
		0xFF, 0xFF, 0xFF, 0xFF, 0xFF, 0xFF, 0xFF, 0xFF, 0xFF, 0xFF, 0xFC, 0xFF, 
		0xFF, 0xFF, 0xFF, 0x83, 0xFF, 0xFC, 0x3F, 0xFF, 0xFF, 0xFF, 0xFF, 0xFF, 
		0xFF, 0xFF, 0xFF, 0xFF, 0xFF, 0xFF, 0xFF, 0xFF, 0xFF, 0xFF, 0xFF, 0xFF, 
		0xFF, 0xFF, 0xFF, 0xFC, 0x00, 0x00, 0x3F, 0xE0, 0x00, 0x00, 0x00, 0x3F, 
		0xFF, 0xFF, 0xFF, 0xFF, 0xFF, 0xFF, 0xFF, 0xFF, 0xFF, 0xFF, 0xFF, 0xFF, 
		0xFF, 0xFF, 0xFF, 0xFF, 0xFF, 0xFF, 0xFF, 0xFF, 0xFC, 0x00, 0x00, 0x1F, 
		0xC0, 0x00, 0x00, 0x00, 0x3F, 0xFF, 0xFF, 0xFF, 0xFF, 0xFF, 0xFF, 0xFF, 
		0xFF, 0xFF, 0xFF, 0xFF, 0xFF, 0xFF, 0xFF, 0xFF, 0xFF, 0xFF, 0xFF, 0xFF, 
		0xFF, 0xFC, 0x00, 0x00, 0x1F, 0xC0, 0x00, 0x00, 0x00, 0x3F, 0xFF, 0xFF, 
		0xFF, 0xFF, 0xFF, 0xFF, 0xFF, 0xFF, 0xFF, 0xFF, 0xFF, 0xFF, 0xFF, 0xFF, 
		0xFF, 0xFF, 0xFF, 0xFF, 0xFF, 0xFF, 0xFC, 0x00, 0x00, 0x1F, 0xC0, 0x00, 
		0x00, 0x00, 0x3F, 0xFF, 0xFF, 0xFF, 0xFF, 0xFF, 0xFF, 0xFF, 0xFF, 0xFF, 
		0xFF, 0xFF, 0xFF, 0xFF, 0xFF, 0xFF, 0xFF, 0xFF, 0xFF, 0xFF, 0xFF, 0xFC, 
		0xFF, 0xFF, 0xFF, 0xFF, 0xFF, 0xFF, 0xF8, 0x3F, 0xFF, 0xFF, 0xFF, 0xFF, 
		0xFF, 0xFF, 0xFF, 0xFF, 0xFF, 0xFF, 0xFF, 0xFF, 0xFF, 0xFF, 0xFF, 0xFF, 
		0xFF, 0xFF, 0xFF, 0xFF, 0xFC, 0xFF, 0xFF, 0xFF, 0xFF, 0xFF, 0xFF, 0xFC, 
		0x3F, 0xFF, 0xFF, 0xFF, 0xFF, 0xFF, 0xFF, 0xFF, 0xFF, 0xFF, 0xFF, 0xFF, 
		0xFF, 0xFF, 0xFF, 0xFF, 0xFF, 0xFF, 0xFF, 0xFF, 0xFF, 0xFC, 0xFF, 0xFF, 
		0xFF, 0xFF, 0xFF, 0xFF, 0xFC, 0x3F, 0xFF, 0xFF, 0xFF, 0xFF, 0xFF, 0xFF, 
		0xFF, 0xFF, 0xFF, 0xFF, 0xFF, 0xFF, 0xFF, 0xFF, 0xFF, 0xFF, 0xFF, 0xFF, 
		0xFF, 0xFF, 0xFC, 0xFF, 0xFF, 0xFF, 0xFE, 0x00, 0x00, 0xFC, 0x3F, 0xFF, 
		0xFF, 0xFF, 0xFF, 0xFF, 0xFF, 0xFF, 0xFF, 0xFF, 0xFF, 0xFF, 0xFF, 0xFF, 
		0xFF, 0xFF, 0xFF, 0xFF, 0xFF, 0xFF, 0xFF, 0xFC, 0xFF, 0xFF, 0xFF, 0xE0, 
		0x00, 0x00, 0x08, 0x3F, 0xFF, 0xFF, 0xFF, 0xFF, 0xFF, 0xFF, 0xFF, 0xFF, 
		0xFF, 0xFF, 0xFF, 0xFF, 0xFF, 0xFF, 0xFF, 0xFF, 0xFF, 0xFF, 0xFF, 0xFF, 
		0xFC, 0xFF, 0xFF, 0xFF, 0x00, 0x00, 0x00, 0x00, 0x3F, 0xFF, 0xFF, 0xFF, 
		0xFF, 0xFF, 0xFF, 0xFF, 0xFF, 0xFF, 0xFF, 0xFF, 0xFF, 0xFF, 0xFF, 0xFF, 
		0xFF, 0xFF, 0xFF, 0xFF, 0xFF, 0xFC, 0xFF, 0xFF, 0xFC, 0x00, 0x00, 0x00, 
		0x00, 0x3F, 0xFF, 0xFF, 0xFF, 0xFF, 0xFF, 0xFF, 0xFF, 0xFF, 0xFF, 0xFF, 
		0xFF, 0xFF, 0xFF, 0xFF, 0xFF, 0xFF, 0xFF, 0xFF, 0xFF, 0xFF, 0xFC, 0xFF, 
		0xFF, 0xE0, 0x00, 0x1F, 0xF8, 0x00, 0x0F, 0xFF, 0xFF, 0xFF, 0xFF, 0xFF, 
		0xFF, 0xFF, 0xFF, 0xFF, 0xFF, 0xFF, 0xFF, 0xFF, 0xFF, 0xFF, 0xFF, 0xFF, 
		0xFF, 0xFF, 0xFF, 0xFC, 0xFF, 0xFF, 0xC0, 0x03, 0xFF, 0xFF, 0xC0, 0x03, 
		0xFF, 0xFF, 0xFF, 0xFF, 0xFF, 0xFF, 0xFF, 0xFF, 0xFF, 0xFF, 0xFF, 0xFF, 
		0xFF, 0xFF, 0xFF, 0xFF, 0xFF, 0xFF, 0xFF, 0xFF, 0xFC, 0xFF, 0xFF, 0x00, 
		0x3F, 0xFF, 0xFF, 0xF8, 0x01, 0xFF, 0xFF, 0xFF, 0xFF, 0xFF, 0xFF, 0xFF, 
		0xFF, 0xFF, 0xFF, 0xFF, 0xFF, 0xFF, 0xFF, 0xFF, 0xFF, 0xFF, 0xFF, 0xFF, 
		0xFF, 0xFC, 0xFF, 0xFE, 0x00, 0xFF, 0x00, 0x01, 0xFF, 0x00, 0x7F, 0xFF, 
		0xFF, 0xFF, 0xFF, 0xFF, 0xFF, 0xFF, 0xFF, 0xFF, 0xFF, 0xFF, 0xFF, 0xFF, 
		0xFF, 0xFF, 0xFF, 0xFF, 0xFF, 0xFF, 0xFC, 0xFF, 0xF8, 0x03, 0xFE, 0x00, 
		0x00, 0xFF, 0xC0, 0x3F, 0xFF, 0xFF, 0xFF, 0xFF, 0xFF, 0xFF, 0xFF, 0xFF, 
		0xFF, 0xFF, 0xFF, 0xFF, 0xFF, 0xFF, 0xFF, 0xFF, 0xFF, 0xFF, 0xFF, 0xFC, 
		0xFF, 0xF0, 0x0F, 0xFC, 0x00, 0x00, 0x7F, 0xF0, 0x0F, 0xFF, 0xFF, 0xFF, 
		0xFF, 0xFF, 0xFF, 0xFF, 0xFF, 0xFF, 0xFF, 0xFF, 0xFF, 0xFF, 0xFF, 0xFF, 
		0xFF, 0xFF, 0xFF, 0xFF, 0xFC, 0xFF, 0xE0, 0x3F, 0xFC, 0x00, 0x00, 0x7F, 
		0xF8, 0x07, 0xFF, 0xFF, 0xFF, 0xFF, 0xFF, 0xFF, 0xFF, 0xFF, 0xFF, 0xFF, 
		0xFF, 0xFF, 0xFF, 0xFF, 0xFF, 0xFF, 0xFF, 0xFF, 0xFF, 0xFC, 0xFF, 0x80, 
		0x7F, 0xE0, 0x1F, 0xF0, 0x0F, 0xFE, 0x03, 0xFF, 0xFF, 0xFF, 0xFF, 0xFF, 
		0xFF, 0xFF, 0xFF, 0xFF, 0xFF, 0xFF, 0xFF, 0xFF, 0xFF, 0xFF, 0xFF, 0xFF, 
		0xFF, 0xFF, 0xFC, 0xFF, 0x01, 0xE0, 0x00, 0x3F, 0xF8, 0x00, 0x0F, 0x03, 
		0xFF, 0xFF, 0xFF, 0xFF, 0xFF, 0xFF, 0xFF, 0x00, 0x00, 0x00, 0x00, 0x07, 
		0xFF, 0xFF, 0xFF, 0x80, 0x00, 0x00, 0x00, 0x00, 0xFF, 0x03, 0xC0, 0x00, 
		0x3F, 0xF8, 0x00, 0x07, 0x83, 0xFF, 0xFF, 0xFF, 0xFF, 0xFF, 0xFF, 0xFF, 
		0x00, 0x00, 0x00, 0x00, 0x07, 0xFF, 0xFF, 0xFF, 0x80, 0x00, 0x00, 0x00, 
		0x00, 0xFE, 0x07, 0x80, 0x00, 0xFF, 0xFE, 0x00, 0x03, 0x03, 0xFF, 0xFF, 
		0xFF, 0xFF, 0xFF, 0xFF, 0xFF, 0x1F, 0xFF, 0xFF, 0xFF, 0xCF, 0xFF, 0xFF, 
		0xFF, 0x8F, 0xFF, 0xFF, 0xFF, 0xE4, 0xFC, 0x0F, 0x00, 0x07, 0xFF, 0xFF, 
		0xC0, 0x00, 0x07, 0xFF, 0xFF, 0xFF, 0xFF, 0xFF, 0xFF, 0xFF, 0x1F, 0xFF, 
		0xFF, 0xFF, 0xCF, 0xFF, 0xFF, 0xFF, 0xCF, 0xFF, 0xFF, 0xFF, 0xE4, 0xF8, 
		0x1E, 0x00, 0x1F, 0xFF, 0xFF, 0xF0, 0x00, 0x0F, 0xFF, 0xFF, 0xFF, 0xFF, 
		0xFF, 0xFF, 0xFF, 0x1F, 0xFF, 0xFF, 0xFF, 0x8F, 0xFF, 0xFF, 0xFF, 0xCF, 
		0xFF, 0xFF, 0xFF, 0xC4, 0xF0, 0x3C, 0x0F, 0xFF, 0xFF, 0xFF, 0xFF, 0xC0, 
		0x1F, 0xFF, 0xFF, 0xFF, 0xFF, 0xFF, 0xFF, 0xFF, 0x9F, 0xFF, 0xFF, 0xFF, 
		0x8F, 0xFF, 0xFF, 0xFF, 0xC7, 0xFF, 0xFF, 0xFF, 0xC4, 0xF0, 0x78, 0x1F, 
		0xFF, 0xFF, 0xFF, 0xFF, 0xE0, 0x1F, 0xFF, 0xF8, 0x00, 0x00, 0x07, 0xFF, 
		0xFF, 0x9F, 0xFF, 0xFF, 0xFF, 0x9F, 0xFF, 0xFF, 0xFF, 0xC7, 0xFF, 0xFF, 
		0xFF, 0xC4, 0xE0, 0x70, 0x3F, 0xFF, 0xFF, 0xFF, 0xFF, 0xF8, 0x1F, 0xFF, 
		0xF8, 0x00, 0x00, 0x03, 0xFF, 0xFF, 0x8F, 0xFF, 0xFF, 0xFF, 0x9F, 0xFF, 
		0xFF, 0xFF, 0xE7, 0xFF, 0xFF, 0xFF, 0xCC, 0xC0, 0xE0, 0x7F, 0xFF, 0xFF, 
		0xFF, 0xFF, 0xFC, 0x0F, 0xFF, 0xF8, 0x00, 0x00, 0x01, 0xFF, 0xFF, 0x8F, 
		0xFF, 0xFF, 0xFF, 0x1F, 0xFF, 0xFF, 0xFF, 0xE7, 0xFF, 0xFF, 0xFF, 0xCC, 
		0xC1, 0xC0, 0xFF, 0xFF, 0xE0, 0x0F, 0xFF, 0xFE, 0x01, 0xFF, 0xFC, 0xFF, 
		0xFF, 0xF8, 0xFF, 0xFF, 0xCF, 0xFF, 0xFF, 0xFF, 0x1F, 0xFF, 0xFF, 0xFF, 
		0xE3, 0xFF, 0xFF, 0xFF, 0x8C, 0x83, 0xC1, 0xFF, 0xFF, 0x00, 0x01, 0xFF, 
		0xFF, 0x00, 0x01, 0xFC, 0xFF, 0xFF, 0xFC, 0x7F, 0xFF, 0xCF, 0xFF, 0xFF, 
		0xFF, 0x3F, 0xFF, 0xFF, 0xFF, 0xE3, 0xFF, 0xFF, 0xFF, 0x8C, 0x83, 0xC1, 
		0xFF, 0xFC, 0x00, 0x00, 0x7F, 0xFF, 0x00, 0x00, 0x00, 0xFF, 0xFF, 0xFC, 
		0x3F, 0xFF, 0xC7, 0xFF, 0xFF, 0xFF, 0x3F, 0xFF, 0xFF, 0xFF, 0xE3, 0xFF, 
		0xFF, 0xFF, 0x9C, 0x07, 0xC0, 0xFF, 0xF0, 0x00, 0x00, 0x1F, 0xFE, 0x07, 
		0xF0, 0x00, 0x7F, 0xFF, 0xFE, 0x3F, 0xFF, 0xC7, 0xFF, 0xFF, 0xFF, 0x3F, 
		0xFF, 0xFF, 0xFF, 0xF3, 0xFF, 0xFF, 0xFF, 0x9C, 0x07, 0xE0, 0xFF, 0xE0, 
		0x00, 0x00, 0x0F, 0xFE, 0x0F, 0xFF, 0xE0, 0x7F, 0xFF, 0xFF, 0x1F, 0xFF, 
		0xE7, 0xFF, 0xFF, 0xFE, 0x3F, 0xFF, 0xFF, 0xFF, 0xF3, 0xFF, 0xFF, 0xFF, 
		0x1C, 0x0F, 0xC1, 0xFF, 0xC0, 0x3F, 0xF8, 0x07, 0xFF, 0x07, 0xFF, 0xFC, 
		0x7F, 0xFF, 0xFF, 0x8F, 0xFF, 0xE7, 0xFF, 0xFF, 0xFE, 0x3F, 0xFF, 0xBF, 
		0xFF, 0xF1, 0xFF, 0xFF, 0xFF, 0x1C, 0x0F, 0xC1, 0xFF, 0x80, 0xFF, 0xFE, 
		0x03, 0xFF, 0x07, 0xFF, 0xFE, 0x7F, 0xFF, 0xFF, 0xC7, 0xFF, 0xE3, 0xFF, 
		0xFF, 0xFE, 0x7F, 0xFF, 0x3F, 0xFF, 0xF1, 0xFF, 0xFF, 0xFF, 0x3C, 0x0F, 
		0x83, 0xFF, 0x03, 0xF8, 0x3F, 0x81, 0xFF, 0x03, 0xFF, 0xFE, 0x7F, 0xFF, 
		0xFF, 0xC7, 0xFF, 0xE3, 0xFF, 0xFF, 0xFE, 0x7F, 0xFC, 0x3F, 0xFF, 0xF9, 
		0xFF, 0xFF, 0xFF, 0x3C, 0x1F, 0x83, 0xFE, 0x07, 0xC0, 0x07, 0xC0, 0xFF, 
		0x83, 0xFF, 0xFE, 0x7F, 0xFF, 0xFF, 0xE3, 0xFF, 0xE3, 0xFF, 0xFF, 0xFC, 
		0x7F, 0xF8, 0x3F, 0x3F, 0xF9, 0xFF, 0xFF, 0xFF, 0x3C, 0x1F, 0x03, 0xFC, 
		0x0F, 0x00, 0x03, 0xE0, 0x7F, 0x81, 0xFF, 0xFE, 0x3F, 0xFF, 0xFF, 0xF1, 
		0xFF, 0xF3, 0xFF, 0xFF, 0xFC, 0x7F, 0xF0, 0x3E, 0x3F, 0xF8, 0xFF, 0xFF, 
		0xFE, 0x3C, 0x1C, 0x07, 0xFC, 0x1E, 0x00, 0x00, 0xF0, 0x7F, 0xC0, 0x7F, 
		0xFE, 0x3F, 0xFF, 0xFF, 0xF8, 0xFF, 0xF3, 0xFF, 0xFF, 0xFC, 0xFF, 0xE1, 
		0x3D, 0x1F, 0xF8, 0xFF, 0xFF, 0xFE, 0x3C, 0x38, 0x07, 0xF8, 0x1C, 0x00, 
		0x00, 0x70, 0x3F, 0xC0, 0x3F, 0xFE, 0x3F, 0xFF, 0xFF, 0xF8, 0x7F, 0xF1, 
		0xFF, 0xFF, 0xFC, 0xFF, 0xC7, 0x38, 0x8F, 0xF8, 0xFF, 0xFF, 0xFE, 0x7C, 
		0x38, 0x0F, 0xF8, 0x38, 0x0F, 0xE0, 0x78, 0x3F, 0xE0, 0x3F, 0xFF, 0x3F, 
		0xFF, 0xFF, 0xFC, 0x7F, 0xF1, 0xFF, 0xFF, 0xFC, 0xE0, 0x0F, 0x38, 0x8F, 
		0xFC, 0xFF, 0xFF, 0xFE, 0x7C, 0x38, 0x1F, 0xF8, 0x38, 0x1F, 0xF0, 0x38, 
		0x3F, 0xF0, 0x3F, 0xFF, 0x3F, 0xFF, 0xFF, 0xFE, 0x3F, 0xF9, 0xFF, 0xFF, 
		0xF8, 0xE0, 0x1F, 0x24, 0x4F, 0xFC, 0xFF, 0xFF, 0xFC, 0x7C, 0x38, 0x7F, 
		0xF0, 0x70, 0x3F, 0xF8, 0x1C, 0x1F, 0xFC, 0x3F, 0xFF, 0x3F, 0xFF, 0xFF, 
		0xFF, 0x1F, 0xF9, 0xFF, 0xFF, 0xF8, 0xE7, 0xFF, 0x02, 0x47, 0xFC, 0x7F, 
		0xFF, 0xFC, 0x7C, 0x38, 0x7F, 0xF0, 0x70, 0x7F, 0xFC, 0x1C, 0x1F, 0xFC, 
		0x3F, 0xFF, 0x1F, 0xFF, 0xFF, 0xFF, 0x8F, 0xF9, 0xFF, 0xFF, 0xF9, 0xE7, 
		0xFF, 0x22, 0x47, 0xFC, 0x7F, 0xFF, 0xFC, 0xFC, 0x38, 0x7F, 0xF0, 0x70, 
		0x7F, 0xFC, 0x1C, 0x1F, 0xFC, 0x3F, 0xFF, 0x1F, 0xFF, 0xFF, 0xFF, 0x8F, 
		0xF8, 0xFF, 0xFF, 0xF9, 0xE7, 0xFF, 0x32, 0x07, 0xFE, 0x7F, 0xFF, 0xFC, 
		0xFC, 0x38, 0x7F, 0xF0, 0x70, 0xFF, 0xFC, 0x1C, 0x1F, 0xFC, 0x3F, 0xFF, 
		0x1F, 0xFF, 0xFF, 0xFF, 0xC7, 0xF8, 0xFF, 0xFF, 0xF1, 0xE7, 0xFF, 0x32, 
		0x07, 0xFE, 0x7F, 0xFF, 0xFC, 0xFC, 0x38, 0x7F, 0xF0, 0x70, 0xFF, 0xFE, 
		0x1C, 0x1F, 0xFC, 0x3F, 0xFF, 0x9F, 0xFF, 0xFF, 0xFF, 0xE3, 0xFC, 0xFF, 
		0xFF, 0xF1, 0xE7, 0xFF, 0x22, 0x47, 0xFE, 0x7F, 0xFF, 0xF8, 0xFC, 0x38, 
		0x7F, 0xF0, 0x70, 0xFF, 0xFC, 0x1C, 0x1F, 0xFC, 0x3F, 0xFF, 0x9F, 0xFF, 
		0xFF, 0xFF, 0xF1, 0xFC, 0xFF, 0xFF, 0xF3, 0xE0, 0x1F, 0x04, 0x47, 0xFE, 
		0x3F, 0xFF, 0xF8, 0xFC, 0x38, 0x7F, 0xF0, 0x70, 0x7F, 0xFC, 0x1C, 0x1F, 
		0xFC, 0x3F, 0xFF, 0x9F, 0xFF, 0xFF, 0xFF, 0xF0, 0xFC, 0x7F, 0xFF, 0xF3, 
		0xE0, 0x0F, 0x3C, 0x4F, 0xFE, 0x3F, 0xFF, 0xF9, 0xFC, 0x38, 0x7F, 0xF0, 
		0x70, 0x7F, 0xFC, 0x1C, 0x1F, 0xFC, 0x3F, 0xFF, 0x8F, 0xFF, 0xFF, 0xFF, 
		0xF8, 0xFC, 0x7F, 0xFF, 0xF3, 0xE0, 0x07, 0x38, 0x8F, 0xFF, 0x3F, 0xFF, 
		0xF9, 0xFC, 0x38, 0x7F, 0xF0, 0x70, 0x3F, 0xF8, 0x1C, 0x1F, 0xFC, 0x3F, 
		0xFF, 0x8F, 0xFF, 0xFF, 0xFF, 0xFC, 0x7E, 0x7F, 0xFF, 0xE3, 0xFF, 0xC3, 
		0x3D, 0x1F, 0xFF, 0x3F, 0xFF, 0xF1, 0xFC, 0x38, 0x1F, 0xF8, 0x38, 0x1F, 
		0xF0, 0x38, 0x3F, 0xF0, 0x3F, 0xFF, 0x8F, 0xFF, 0xFF, 0xFF, 0xFE, 0x3E, 
		0x7F, 0xFF, 0xE3, 0xFF, 0xF0, 0x3E, 0x1F, 0xFF, 0x1F, 0xFF, 0xF1, 0xFC, 
		0x38, 0x0F, 0xF8, 0x3C, 0x07, 0xC0, 0x78, 0x3F, 0xE0, 0x3F, 0xFF, 0xCF, 
		0xFF, 0xFF, 0xFF, 0xFF, 0x1E, 0x3F, 0xFF, 0xE7, 0xFF, 0xF8, 0x3F, 0x3F, 
		0xFF, 0x1F, 0xFF, 0xF3, 0xFC, 0x38, 0x07, 0xF8, 0x1C, 0x00, 0x00, 0x70, 
		0x7F, 0xC0, 0x3F, 0xFF, 0xCF, 0xFF, 0xFF, 0xFF, 0xFF, 0x8E, 0x3F, 0xFF, 
		0xE7, 0xFF, 0xFC, 0x3F, 0xFF, 0xFF, 0x9F, 0xFF, 0xF3, 0xFC, 0x00, 0x07, 
		0xFC, 0x0E, 0x00, 0x01, 0xE0, 0x7F, 0xC0, 0x1F, 0xFF, 0xCF, 0xFF, 0xFF, 
		0xFF, 0xFF, 0x8E, 0x3F, 0xFF, 0xC7, 0xFF, 0xFF, 0x3F, 0xFF, 0xFF, 0x9F, 
		0xFF, 0xF3, 0xFC, 0x00, 0x03, 0xFE, 0x0F, 0x80, 0x03, 0xE0, 0xFF, 0x80, 
		0x03, 0xFF, 0xC7, 0xFF, 0xFF, 0xFF, 0xFF, 0xC7, 0x3F, 0xFF, 0xC7, 0xFF, 
		0xFF, 0xBF, 0xFF, 0xFF, 0x8F, 0xFF, 0xE3, 0xFC, 0x00, 0x03, 0xFE, 0x07, 
		0xE0, 0x0F, 0x80, 0xFF, 0x83, 0xC0, 0x7F, 0xC7, 0xFF, 0xFF, 0xFF, 0xFF, 
		0xE3, 0x3F, 0xFF, 0xCF, 0xFF, 0xFF, 0xFF, 0xFF, 0xFF, 0x8F, 0xFF, 0xE3, 
		0xFC, 0x00, 0x01, 0xFF, 0x01, 0xFF, 0xFF, 0x01, 0xFF, 0x03, 0xF0, 0x0F, 
		0xC7, 0xFF, 0xFF, 0xFF, 0xFF, 0xF1, 0x00, 0x00, 0x0F, 0xFF, 0xFF, 0xFF, 
		0xFF, 0xFF, 0x80, 0x00, 0x07, 0xFC, 0xFF, 0x81, 0xFF, 0x80, 0xFF, 0xFE, 
		0x03, 0xFF, 0x07, 0xFE, 0x03, 0xC0, 0x00, 0x00, 0x00, 0x00, 0x00, 0x00, 
		0x00, 0x00, 0x00, 0x00, 0x00, 0x00, 0x00, 0x00, 0x00, 0x00, 0xFC, 0xFF, 
		0xC0, 0xFF, 0xC0, 0x1F, 0xF0, 0x07, 0xFE, 0x07, 0xFF, 0xC0, 0x40, 0x00, 
		0x00, 0x00, 0x00, 0x00, 0x00, 0x00, 0x00, 0x00, 0x00, 0x00, 0x00, 0x00, 
		0x00, 0x00, 0x00, 0xFC, 0xFF, 0xE0, 0xFF, 0xE0, 0x00, 0x00, 0x0F, 0xFE, 
		0x0F, 0xFF, 0xF0, 0x07, 0xFF, 0xFF, 0xFF, 0xFF, 0xFF, 0xFF, 0xFF, 0xFF, 
		0xFF, 0xFF, 0xFF, 0xFF, 0xFF, 0xFF, 0xFF, 0xF8, 0xFC, 0xFF, 0xC0, 0xFF, 
		0xF0, 0x00, 0x00, 0x1F, 0xFE, 0x07, 0xFF, 0xFE, 0x07, 0xFF, 0xFF, 0xFF, 
		0xFF, 0xFF, 0xFF, 0xFF, 0xFF, 0xFF, 0xFF, 0xFF, 0xFF, 0xFF, 0xFF, 0xFF, 
		0xFC, 0xFC, 0xFF, 0xC1, 0xFF, 0xFC, 0x00, 0x00, 0x7F, 0xFF, 0x07, 0xFF, 
		0xFF, 0xC7, 0xFF, 0xFF, 0xFF, 0xFF, 0xFF, 0xFF, 0xFF, 0xFF, 0xFF, 0xFF, 
		0xFF, 0xFF, 0xFF, 0xFF, 0xFF, 0xFC, 0xFC, 0xFF, 0xC1, 0xFF, 0xFF, 0x00, 
		0x03, 0xFF, 0xFF, 0x07, 0xFF, 0xFF, 0xC7, 0xFF, 0xFF, 0xFF, 0xFF, 0xFF, 
		0xFF, 0xFF, 0xFF, 0xFF, 0xFF, 0xFF, 0xFF, 0xFF, 0xFF, 0xFF, 0xFC, 0xFC, 
		0xFF, 0xC0, 0xFF, 0xFF, 0xF0, 0x1F, 0xFF, 0xFE, 0x07, 0xFF, 0xFF, 0xC0, 
		0x00, 0x00, 0x00, 0x00, 0x00, 0x00, 0x00, 0x00, 0x00, 0x00, 0x00, 0x00, 
		0x00, 0x00, 0x00, 0x00, 0xFC, 0xFF, 0xE0, 0x7F, 0xFF, 0xFF, 0xFF, 0xFF, 
		0xFC, 0x0F, 0xFF, 0xFF, 0xC0, 0x00, 0x00, 0x00, 0x00, 0x00, 0x00, 0x00, 
		0x00, 0x00, 0x00, 0x00, 0x00, 0x00, 0x00, 0x00, 0x00, 0xFC, 0xFF, 0xF0, 
		0x3F, 0xFF, 0xFF, 0xFF, 0xFF, 0xF8, 0x1F, 0xFF, 0xFF, 0xFF, 0xFF, 0xFE, 
		0x31, 0xFF, 0xFF, 0xFE, 0x67, 0xFF, 0xFF, 0xF0, 0xFF, 0xFF, 0xFF, 0xFF, 
		0x31, 0xFF, 0xFC, 0xFF, 0xF8, 0x1F, 0xFF, 0xFF, 0xFF, 0xFF, 0xE0, 0x3F, 
		0xFF, 0xFF, 0xFF, 0xFF, 0xFE, 0x79, 0xFF, 0xFF, 0xFE, 0x67, 0xFF, 0xFF, 
		0xF8, 0x78, 0x3F, 0xFF, 0xFF, 0x33, 0xFF, 0xFC, 0xFF, 0xFC, 0x0F, 0xFF, 
		0xFF, 0xFF, 0xFF, 0xE0, 0x7F, 0xFF, 0xFF, 0xFF, 0xFF, 0xFE, 0x79, 0xFF, 
		0xFF, 0xFE, 0x67, 0xFF, 0xFF, 0xFC, 0x20, 0x0F, 0xFF, 0xFF, 0x33, 0xFF, 
		0xFC, 0xFF, 0xFE, 0x00, 0x1F, 0xFF, 0xFF, 0xF0, 0x00, 0xFF, 0xFF, 0xFF, 
		0xFF, 0xFF, 0xC0, 0x70, 0x1F, 0xFF, 0xFE, 0x67, 0xFF, 0xFF, 0xFE, 0x00, 
		0x07, 0xFF, 0xFF, 0x33, 0xFF, 0xFC, 0xFF, 0xFF, 0x00, 0x07, 0xFF, 0xFF, 
		0xC0, 0x01, 0xFF, 0xFF, 0xFF, 0xFF, 0xFF, 0xC0, 0x00, 0x1F, 0xFF, 0xFE, 
		0x67, 0xFF, 0xFF, 0xFF, 0x07, 0xC3, 0xFF, 0xFF, 0x33, 0xFF, 0xFC, 0xFF, 
		0xFF, 0x80, 0x00, 0xFF, 0xFE, 0x00, 0x03, 0xFF, 0xFF, 0xFF, 0xFF, 0xFF, 
		0xCE, 0x01, 0x9F, 0xFF, 0xFE, 0x07, 0xFF, 0xFF, 0xFF, 0x1F, 0xF1, 0xFF, 
		0xFF, 0x03, 0xFF, 0xFC, 0xFF, 0xFF, 0xC0, 0x00, 0x7F, 0xF8, 0x00, 0x07, 
		0xFF, 0xFF, 0xFF, 0xFF, 0xFF, 0xCF, 0xFF, 0x9F, 0xFF, 0xFE, 0x07, 0xFF, 
		0xFF, 0xFF, 0x1F, 0xF1, 0xFF, 0xFF, 0x03, 0xFF, 0xFC, 0xFF, 0xFF, 0xE0, 
		0x00, 0x3F, 0xF8, 0x00, 0x0F, 0xFF, 0xFF, 0xFF, 0xFF, 0xFF, 0xCF, 0xFF, 
		0x9F, 0xFF, 0xFF, 0xFF, 0xFF, 0xFF, 0xFE, 0x3F, 0xF9, 0xFF, 0xFF, 0xFF, 
		0xFF, 0xFC, 0xFF, 0xFF, 0xFB, 0xC0, 0x1F, 0xF0, 0x07, 0x3F, 0xFF, 0xFF, 
		0xFF, 0xFF, 0xFF, 0xCF, 0xFF, 0x9F, 0xFF, 0xFF, 0xFF, 0xFF, 0xFF, 0xFE, 
		0x3F, 0xF8, 0xFF, 0xFF, 0xFF, 0xFF, 0xFC, 0x00, 0x00, 0x00, 0x00, 0x00, 
		0x00, 0x00, 0x00, 0x00, 0x3F, 0xFF, 0xFF, 0xFF, 0xCF, 0xFF, 0x9F, 0xFF, 
		0xFF, 0xFF, 0xFF, 0xFF, 0xFE, 0x3F, 0xF8, 0xFF, 0xFF, 0xFF, 0xFF, 0xFC, 
		0x00, 0x00, 0x00, 0x00, 0x00, 0x00, 0x00, 0x00, 0x00, 0x3F, 0xFF, 0xFF, 
		0xFF, 0xCF, 0xFF, 0x9F, 0xFF, 0xFF, 0xFF, 0xFF, 0xFF, 0xFE, 0x3F, 0xF8, 
		0xFF, 0xFF, 0xFF, 0xFF, 0xFC, 0x00, 0x00, 0x00, 0x00, 0x00, 0x00, 0x00, 
		0x00, 0x00, 0x3F, 0xFF, 0xFF, 0xFF, 0xCF, 0xFF, 0x9F, 0xFF, 0xFF, 0xFF, 
		0xFF, 0xFF, 0xFE, 0x3F, 0xF9, 0xFF, 0xFF, 0xFF, 0xFF, 0xFC, 0x00, 0x00, 
		0x00, 0x00, 0x00, 0x00, 0x00, 0x00, 0x00, 0x3F, 0xFF, 0xFF, 0xFF, 0xCF, 
		0xFF, 0x9F, 0xFF, 0xFF, 0xFF, 0xFF, 0xFF, 0xFF, 0x1F, 0xF1, 0xFF, 0xFF, 
		0xFF, 0xFF, 0xFC, 0xFF, 0xFF, 0xFF, 0xFF, 0xFF, 0xFF, 0xFF, 0xFF, 0xFF, 
		0xFF, 0xFF, 0xFF, 0xFF, 0xCF, 0xFF, 0x9F, 0xFF, 0xFF, 0xFF, 0xFF, 0xFF, 
		0xFF, 0x1F, 0xF1, 0xFF, 0xFF, 0xFF, 0xFF, 0xFC, 0xFF, 0xFF, 0xFF, 0xFF, 
		0xFF, 0xFF, 0xFF, 0xFF, 0xFF, 0xFF, 0xFF, 0xFF, 0xFF, 0xCF, 0xFF, 0x9F, 
		0xFF, 0xFF, 0xFF, 0xFF, 0xFF, 0xFF, 0x87, 0xC3, 0xFF, 0xFF, 0xFF, 0xFF, 
		0xFC, 0xFF, 0xFF, 0xFF, 0xFF, 0xFF, 0xFF, 0xFF, 0xFF, 0xFF, 0xFF, 0xFF, 
		0xFF, 0xFF, 0xCF, 0xFF, 0x9F, 0xFF, 0xFF, 0xFF, 0xFF, 0xFF, 0xFF, 0xC0, 
		0x07, 0xFF, 0xFF, 0xFF, 0xFF, 0xFC, 0xFF, 0xFF, 0xFF, 0xFF, 0xFF, 0xFF, 
		0xFF, 0xFF, 0xFF, 0xFF, 0xFF, 0xFF, 0xFF, 0xFF, 0xFF, 0xFF, 0xFF, 0xFF, 
		0xFF, 0xFF, 0xFF, 0xFF, 0xE0, 0x0F, 0xFF, 0xFF, 0xFF, 0xFF, 0xFC, 0xFF, 
		0xFF, 0xFF, 0xFF, 0xFF, 0xFF, 0xFF, 0xFF, 0xFF, 0xFF, 0xFF, 0xFF, 0xFF, 
		0xFF, 0xFF, 0xFF, 0xFF, 0xFF, 0xFF, 0xFF, 0xFF, 0xFF, 0xF8, 0x7F, 0xFF, 
		0xFF, 0xFF, 0xFF, 0xFC, 
	ID(logo_grafinger_small), TYPEID_OUTPICT, WORD(144), WORD(292), WORD(259), 
		2, 5, COLOR_BLACK, LONG(8324UL), 0, 
		0xFF, 0x00, 0xFF, 0x00, 0xFF, 0x00, 0xFF, 0x00, 0xFF, 0x00, 0xFF, 0x00, 
		0xFF, 0x00, 0xFF, 0x00, 0x18, 0x00, 0x0C, 0x01, 0x01, 0xE6, 0x0D, 0x00, 
		0x13, 0x01, 0x19, 0x00, 0x03, 0x01, 0x14, 0x00, 0x01, 0xE6, 0x14, 0x01, 
		0x08, 0x00, 0x03, 0x01, 0x0A, 0x00, 0x04, 0x01, 0x15, 0x00, 0x03, 0x01, 
		0x14, 0x00, 0x0D, 0x01, 0x0C, 0x00, 0x15, 0x01, 0x08, 0x00, 0x01, 0xE6, 
		0x13, 0x01, 0x21, 0x00, 0x11, 0x01, 0x09, 0x00, 0x17, 0x01, 0x16, 0x00, 
		0x05, 0x01, 0x12, 0x00, 0x17, 0x01, 0x05, 0x00, 0x06, 0x01, 0x08, 0x00, 
		0x06, 0x01, 0x13, 0x00, 0x05, 0x01, 0x11, 0x00, 0x11, 0x01, 0x09, 0x00, 
		0x17, 0x01, 0x06, 0x00, 0x17, 0x01, 0x1D, 0x00, 0x14, 0x01, 0x08, 0x00, 
		0x19, 0x01, 0x14, 0x00, 0x06, 0x01, 0x11, 0x00, 0x17, 0x01, 0x05, 0x00, 
		0x06, 0x01, 0x08, 0x00, 0x07, 0x01, 0x12, 0x00, 0x05, 0x01, 0x0F, 0x00, 
		0x14, 0x01, 0x08, 0x00, 0x18, 0x01, 0x05, 0x00, 0x18, 0x01, 0x01, 0xE6, 
		0x19, 0x00, 0x16, 0x01, 0x08, 0x00, 0x1A, 0x01, 0x12, 0x00, 0x07, 0x01, 
		0x11, 0x00, 0x17, 0x01, 0x05, 0x00, 0x06, 0x01, 0x08, 0x00, 0x07, 0x01, 
		0x01, 0xE6, 0x11, 0x00, 0x05, 0x01, 0x0D, 0x00, 0x01, 0xE6, 0x15, 0x01, 
		0x08, 0x00, 0x18, 0x01, 0x05, 0x00, 0x1A, 0x01, 0x17, 0x00, 0x17, 0x01, 
		0x01, 0xE6, 0x07, 0x00, 0x1A, 0x01, 0x12, 0x00, 0x08, 0x01, 0x10, 0x00, 
		0x17, 0x01, 0x05, 0x00, 0x06, 0x01, 0x08, 0x00, 0x08, 0x01, 0x11, 0x00, 
		0x05, 0x01, 0x0C, 0x00, 0x18, 0x01, 0x07, 0x00, 0x17, 0x01, 0x06, 0x00, 
		0x1A, 0x01, 0x16, 0x00, 0x0C, 0x01, 0x04, 0x00, 0x08, 0x01, 0x08, 0x00, 
		0x1B, 0x01, 0x10, 0x00, 0x09, 0x01, 0x10, 0x00, 0x16, 0x01, 0x06, 0x00, 
		0x06, 0x01, 0x08, 0x00, 0x09, 0x01, 0x10, 0x00, 0x05, 0x01, 0x0B, 0x00, 
		0x0B, 0x01, 0x05, 0x00, 0x08, 0x01, 0x08, 0x00, 0x16, 0x01, 0x07, 0x00, 
		0x1B, 0x01, 0x14, 0x00, 0x0A, 0x01, 0x0B, 0x00, 0x03, 0x01, 0x09, 0x00, 
		0x06, 0x01, 0x0E, 0x00, 0x07, 0x01, 0x10, 0x00, 0x09, 0x01, 0x10, 0x00, 
		0x06, 0x01, 0x16, 0x00, 0x06, 0x01, 0x08, 0x00, 0x0A, 0x01, 0x0F, 0x00, 
		0x05, 0x01, 0x0A, 0x00, 0x0A, 0x01, 0x0A, 0x00, 0x04, 0x01, 0x09, 0x00, 
		0x06, 0x01, 0x17, 0x00, 0x06, 0x01, 0x0D, 0x00, 0x01, 0xE6, 0x07, 0x01, 
		0x14, 0x00, 0x08, 0x01, 0x19, 0x00, 0x06, 0x01, 0x0E, 0x00, 0x08, 0x01, 
		0x0E, 0x00, 0x0B, 0x01, 0x0F, 0x00, 0x06, 0x01, 0x16, 0x00, 0x06, 0x01, 
		0x08, 0x00, 0x0A, 0x01, 0x0F, 0x00, 0x05, 0x01, 0x0A, 0x00, 0x08, 0x01, 
		0x19, 0x00, 0x06, 0x01, 0x17, 0x00, 0x06, 0x01, 0x0E, 0x00, 0x01, 0xE6, 
		0x07, 0x01, 0x12, 0x00, 0x08, 0x01, 0x1A, 0x00, 0x06, 0x01, 0x0F, 0x00, 
		0x07, 0x01, 0x0E, 0x00, 0x0B, 0x01, 0x0F, 0x00, 0x06, 0x01, 0x16, 0x00, 
		0x06, 0x01, 0x08, 0x00, 0x0B, 0x01, 0x0E, 0x00, 0x05, 0x01, 0x09, 0x00, 
		0x08, 0x01, 0x1A, 0x00, 0x06, 0x01, 0x17, 0x00, 0x06, 0x01, 0x0F, 0x00, 
		0x07, 0x01, 0x11, 0x00, 0x08, 0x01, 0x1B, 0x00, 0x06, 0x01, 0x0F, 0x00, 
		0x07, 0x01, 0x0D, 0x00, 0x01, 0xE6, 0x0C, 0x01, 0x0E, 0x00, 0x06, 0x01, 
		0x16, 0x00, 0x06, 0x01, 0x08, 0x00, 0x0C, 0x01, 0x0D, 0x00, 0x05, 0x01, 
		0x08, 0x00, 0x08, 0x01, 0x1B, 0x00, 0x06, 0x01, 0x17, 0x00, 0x06, 0x01, 
		0x0F, 0x00, 0x01, 0xE6, 0x06, 0x01, 0x11, 0x00, 0x07, 0x01, 0x01, 0xE6, 
		0x1B, 0x00, 0x06, 0x01, 0x10, 0x00, 0x06, 0x01, 0x0D, 0x00, 0x0D, 0x01, 
		0x0E, 0x00, 0x06, 0x01, 0x16, 0x00, 0x06, 0x01, 0x08, 0x00, 0x0D, 0x01, 
		0x0C, 0x00, 0x05, 0x01, 0x08, 0x00, 0x07, 0x01, 0x1C, 0x00, 0x06, 0x01, 
		0x17, 0x00, 0x06, 0x01, 0x10, 0x00, 0x06, 0x01, 0x10, 0x00, 0x01, 0xE6, 
		0x07, 0x01, 0x1C, 0x00, 0x06, 0x01, 0x10, 0x00, 0x06, 0x01, 0x0D, 0x00, 
		0x06, 0x01, 0x01, 0x00, 0x07, 0x01, 0x0D, 0x00, 0x06, 0x01, 0x16, 0x00, 
		0x06, 0x01, 0x08, 0x00, 0x0E, 0x01, 0x0B, 0x00, 0x05, 0x01, 0x07, 0x00, 
		0x08, 0x01, 0x1C, 0x00, 0x06, 0x01, 0x17, 0x00, 0x06, 0x01, 0x10, 0x00, 
		0x06, 0x01, 0x10, 0x00, 0x07, 0x01, 0x1D, 0x00, 0x06, 0x01, 0x10, 0x00, 
		0x06, 0x01, 0x0C, 0x00, 0x06, 0x01, 0x02, 0x00, 0x07, 0x01, 0x0D, 0x00, 
		0x06, 0x01, 0x16, 0x00, 0x06, 0x01, 0x08, 0x00, 0x0E, 0x01, 0x0B, 0x00, 
		0x05, 0x01, 0x07, 0x00, 0x07, 0x01, 0x1D, 0x00, 0x06, 0x01, 0x17, 0x00, 
		0x06, 0x01, 0x10, 0x00, 0x06, 0x01, 0x10, 0x00, 0x07, 0x01, 0x1D, 0x00, 
		0x06, 0x01, 0x0F, 0x00, 0x07, 0x01, 0x0C, 0x00, 0x06, 0x01, 0x03, 0x00, 
		0x06, 0x01, 0x0D, 0x00, 0x06, 0x01, 0x16, 0x00, 0x06, 0x01, 0x08, 0x00, 
		0x05, 0x01, 0x02, 0x00, 0x08, 0x01, 0x0A, 0x00, 0x05, 0x01, 0x07, 0x00, 
		0x07, 0x01, 0x1D, 0x00, 0x06, 0x01, 0x17, 0x00, 0x06, 0x01, 0x0F, 0x00, 
		0x07, 0x01, 0x0F, 0x00, 0x01, 0xE6, 0x06, 0x01, 0x1E, 0x00, 0x06, 0x01, 
		0x0F, 0x00, 0x07, 0x01, 0x0C, 0x00, 0x06, 0x01, 0x03, 0x00, 0x07, 0x01, 
		0x0C, 0x00, 0x06, 0x01, 0x16, 0x00, 0x06, 0x01, 0x08, 0x00, 0x05, 0x01, 
		0x01, 0xE6, 0x02, 0x00, 0x08, 0x01, 0x09, 0x00, 0x05, 0x01, 0x07, 0x00, 
		0x06, 0x01, 0x1E, 0x00, 0x06, 0x01, 0x17, 0x00, 0x06, 0x01, 0x0F, 0x00, 
		0x07, 0x01, 0x0F, 0x00, 0x07, 0x01, 0x1E, 0x00, 0x06, 0x01, 0x0F, 0x00, 
		0x06, 0x01, 0x01, 0xE6, 0x0B, 0x00, 0x06, 0x01, 0x05, 0x00, 0x06, 0x01, 
		0x0C, 0x00, 0x13, 0x01, 0x09, 0x00, 0x06, 0x01, 0x08, 0x00, 0x06, 0x01, 
		0x03, 0x00, 0x08, 0x01, 0x08, 0x00, 0x05, 0x01, 0x06, 0x00, 0x07, 0x01, 
		0x1E, 0x00, 0x14, 0x01, 0x09, 0x00, 0x06, 0x01, 0x0F, 0x00, 0x06, 0x01, 
		0x01, 0xE6, 0x0F, 0x00, 0x07, 0x01, 0x1E, 0x00, 0x06, 0x01, 0x0E, 0x00, 
		0x07, 0x01, 0x0C, 0x00, 0x06, 0x01, 0x05, 0x00, 0x07, 0x01, 0x0B, 0x00, 
		0x14, 0x01, 0x08, 0x00, 0x06, 0x01, 0x08, 0x00, 0x05, 0x01, 0x01, 0xE6, 
		0x03, 0x00, 0x08, 0x01, 0x01, 0xE6, 0x07, 0x00, 0x05, 0x01, 0x06, 0x00, 
		0x07, 0x01, 0x1E, 0x00, 0x15, 0x01, 0x08, 0x00, 0x06, 0x01, 0x0E, 0x00, 
		0x07, 0x01, 0x10, 0x00, 0x07, 0x01, 0x0C, 0x00, 0x0B, 0x01, 0x07, 0x00, 
		0x06, 0x01, 0x0D, 0x00, 0x07, 0x01, 0x0C, 0x00, 0x06, 0x01, 0x07, 0x00, 
		0x06, 0x01, 0x0B, 0x00, 0x15, 0x01, 0x07, 0x00, 0x06, 0x01, 0x08, 0x00, 
		0x06, 0x01, 0x04, 0x00, 0x08, 0x01, 0x07, 0x00, 0x05, 0x01, 0x06, 0x00, 
		0x07, 0x01, 0x0C, 0x00, 0x0B, 0x01, 0x07, 0x00, 0x15, 0x01, 0x08, 0x00, 
		0x06, 0x01, 0x0D, 0x00, 0x07, 0x01, 0x11, 0x00, 0x07, 0x01, 0x0A, 0x00, 
		0x01, 0xE6, 0x0D, 0x01, 0x06, 0x00, 0x1A, 0x01, 0x0C, 0x00, 0x06, 0x01, 
		0x07, 0x00, 0x07, 0x01, 0x0A, 0x00, 0x15, 0x01, 0x07, 0x00, 0x06, 0x01, 
		0x08, 0x00, 0x06, 0x01, 0x05, 0x00, 0x08, 0x01, 0x06, 0x00, 0x05, 0x01, 
		0x06, 0x00, 0x07, 0x01, 0x0A, 0x00, 0x01, 0xE6, 0x0D, 0x01, 0x06, 0x00, 
		0x15, 0x01, 0x08, 0x00, 0x1A, 0x01, 0x11, 0x00, 0x07, 0x01, 0x0A, 0x00, 
		0x0F, 0x01, 0x05, 0x00, 0x19, 0x01, 0x0C, 0x00, 0x06, 0x01, 0x09, 0x00, 
		0x06, 0x01, 0x0A, 0x00, 0x14, 0x01, 0x08, 0x00, 0x06, 0x01, 0x08, 0x00, 
		0x06, 0x01, 0x06, 0x00, 0x08, 0x01, 0x05, 0x00, 0x05, 0x01, 0x06, 0x00, 
		0x07, 0x01, 0x0A, 0x00, 0x0F, 0x01, 0x05, 0x00, 0x15, 0x01, 0x08, 0x00, 
		0x19, 0x01, 0x12, 0x00, 0x07, 0x01, 0x0A, 0x00, 0x0F, 0x01, 0x05, 0x00, 
		0x18, 0x01, 0x0D, 0x00, 0x06, 0x01, 0x09, 0x00, 0x06, 0x01, 0x0A, 0x00, 
		0x13, 0x01, 0x09, 0x00, 0x06, 0x01, 0x08, 0x00, 0x06, 0x01, 0x07, 0x00, 
		0x08, 0x01, 0x04, 0x00, 0x05, 0x01, 0x06, 0x00, 0x07, 0x01, 0x0A, 0x00, 
		0x0F, 0x01, 0x05, 0x00, 0x13, 0x01, 0x0A, 0x00, 0x18, 0x01, 0x13, 0x00, 
		0x07, 0x01, 0x0B, 0x00, 0x0E, 0x01, 0x05, 0x00, 0x18, 0x01, 0x0D, 0x00, 
		0x05, 0x01, 0x01, 0xE6, 0x09, 0x00, 0x07, 0x01, 0x09, 0x00, 0x06, 0x01, 
		0x16, 0x00, 0x06, 0x01, 0x08, 0x00, 0x06, 0x01, 0x07, 0x00, 0x08, 0x01, 
		0x04, 0x00, 0x05, 0x01, 0x06, 0x00, 0x07, 0x01, 0x0A, 0x00, 0x01, 0xE6, 
		0x0E, 0x01, 0x05, 0x00, 0x06, 0x01, 0x17, 0x00, 0x18, 0x01, 0x14, 0x00, 
		0x06, 0x01, 0x0B, 0x00, 0x01, 0xE6, 0x0D, 0x01, 0x05, 0x00, 0x19, 0x01, 
		0x0B, 0x00, 0x17, 0x01, 0x09, 0x00, 0x06, 0x01, 0x16, 0x00, 0x06, 0x01, 
		0x08, 0x00, 0x06, 0x01, 0x08, 0x00, 0x08, 0x01, 0x03, 0x00, 0x05, 0x01, 
		0x07, 0x00, 0x06, 0x01, 0x0C, 0x00, 0x0D, 0x01, 0x05, 0x00, 0x06, 0x01, 
		0x17, 0x00, 0x19, 0x01, 0x13, 0x00, 0x07, 0x01, 0x11, 0x00, 0x07, 0x01, 
		0x05, 0x00, 0x1A, 0x01, 0x0A, 0x00, 0x18, 0x01, 0x08, 0x00, 0x06, 0x01, 
		0x16, 0x00, 0x06, 0x01, 0x08, 0x00, 0x06, 0x01, 0x09, 0x00, 0x08, 0x01, 
		0x02, 0x00, 0x05, 0x01, 0x07, 0x00, 0x07, 0x01, 0x11, 0x00, 0x07, 0x01, 
		0x05, 0x00, 0x06, 0x01, 0x17, 0x00, 0x1A, 0x01, 0x12, 0x00, 0x07, 0x01, 
		0x11, 0x00, 0x07, 0x01, 0x05, 0x00, 0x06, 0x01, 0x0D, 0x00, 0x07, 0x01, 
		0x09, 0x00, 0x19, 0x01, 0x08, 0x00, 0x06, 0x01, 0x16, 0x00, 0x06, 0x01, 
		0x08, 0x00, 0x06, 0x01, 0x0A, 0x00, 0x08, 0x01, 0x01, 0x00, 0x05, 0x01, 
		0x07, 0x00, 0x07, 0x01, 0x11, 0x00, 0x07, 0x01, 0x05, 0x00, 0x06, 0x01, 
		0x17, 0x00, 0x06, 0x01, 0x0D, 0x00, 0x08, 0x01, 0x11, 0x00, 0x01, 0xE6, 
		0x07, 0x01, 0x10, 0x00, 0x07, 0x01, 0x05, 0x00, 0x06, 0x01, 0x0E, 0x00, 
		0x07, 0x01, 0x08, 0x00, 0x19, 0x01, 0x08, 0x00, 0x06, 0x01, 0x16, 0x00, 
		0x06, 0x01, 0x08, 0x00, 0x06, 0x01, 0x0B, 0x00, 0x0D, 0x01, 0x07, 0x00, 
		0x08, 0x01, 0x10, 0x00, 0x07, 0x01, 0x05, 0x00, 0x06, 0x01, 0x17, 0x00, 
		0x06, 0x01, 0x0E, 0x00, 0x07, 0x01, 0x12, 0x00, 0x07, 0x01, 0x10, 0x00, 
		0x07, 0x01, 0x05, 0x00, 0x06, 0x01, 0x0F, 0x00, 0x06, 0x01, 0x08, 0x00, 
		0x1A, 0x01, 0x07, 0x00, 0x06, 0x01, 0x16, 0x00, 0x06, 0x01, 0x08, 0x00, 
		0x06, 0x01, 0x0B, 0x00, 0x0D, 0x01, 0x08, 0x00, 0x08, 0x01, 0x0F, 0x00, 
		0x07, 0x01, 0x05, 0x00, 0x06, 0x01, 0x17, 0x00, 0x06, 0x01, 0x0F, 0x00, 
		0x06, 0x01, 0x12, 0x00, 0x08, 0x01, 0x0F, 0x00, 0x07, 0x01, 0x05, 0x00, 
		0x06, 0x01, 0x0F, 0x00, 0x06, 0x01, 0x07, 0x00, 0x1B, 0x01, 0x07, 0x00, 
		0x06, 0x01, 0x16, 0x00, 0x06, 0x01, 0x08, 0x00, 0x06, 0x01, 0x0C, 0x00, 
		0x0C, 0x01, 0x08, 0x00, 0x08, 0x01, 0x0F, 0x00, 0x07, 0x01, 0x05, 0x00, 
		0x06, 0x01, 0x17, 0x00, 0x06, 0x01, 0x0F, 0x00, 0x06, 0x01, 0x13, 0x00, 
		0x08, 0x01, 0x0E, 0x00, 0x07, 0x01, 0x05, 0x00, 0x06, 0x01, 0x0F, 0x00, 
		0x06, 0x01, 0x07, 0x00, 0x05, 0x01, 0x11, 0x00, 0x06, 0x01, 0x06, 0x00, 
		0x06, 0x01, 0x16, 0x00, 0x06, 0x01, 0x08, 0x00, 0x06, 0x01, 0x0D, 0x00, 
		0x0B, 0x01, 0x09, 0x00, 0x08, 0x01, 0x0E, 0x00, 0x07, 0x01, 0x05, 0x00, 
		0x06, 0x01, 0x17, 0x00, 0x06, 0x01, 0x0F, 0x00, 0x06, 0x01, 0x14, 0x00, 
		0x08, 0x01, 0x0D, 0x00, 0x07, 0x01, 0x05, 0x00, 0x06, 0x01, 0x0F, 0x00, 
		0x06, 0x01, 0x06, 0x00, 0x06, 0x01, 0x11, 0x00, 0x06, 0x01, 0x06, 0x00, 
		0x06, 0x01, 0x16, 0x00, 0x06, 0x01, 0x08, 0x00, 0x06, 0x01, 0x0E, 0x00, 
		0x0A, 0x01, 0x0A, 0x00, 0x08, 0x01, 0x0D, 0x00, 0x07, 0x01, 0x05, 0x00, 
		0x06, 0x01, 0x17, 0x00, 0x06, 0x01, 0x0F, 0x00, 0x06, 0x01, 0x14, 0x00, 
		0x0A, 0x01, 0x0B, 0x00, 0x07, 0x01, 0x05, 0x00, 0x06, 0x01, 0x0F, 0x00, 
		0x06, 0x01, 0x06, 0x00, 0x06, 0x01, 0x11, 0x00, 0x07, 0x01, 0x05, 0x00, 
		0x06, 0x01, 0x16, 0x00, 0x06, 0x01, 0x08, 0x00, 0x06, 0x01, 0x0E, 0x00, 
		0x0A, 0x01, 0x0A, 0x00, 0x0A, 0x01, 0x0B, 0x00, 0x07, 0x01, 0x05, 0x00, 
		0x06, 0x01, 0x17, 0x00, 0x06, 0x01, 0x0F, 0x00, 0x06, 0x01, 0x15, 0x00, 
		0x0E, 0x01, 0x01, 0x00, 0x0C, 0x01, 0x05, 0x00, 0x06, 0x01, 0x0F, 0x00, 
		0x07, 0x01, 0x04, 0x00, 0x06, 0x01, 0x13, 0x00, 0x06, 0x01, 0x05, 0x00, 
		0x06, 0x01, 0x16, 0x00, 0x06, 0x01, 0x08, 0x00, 0x06, 0x01, 0x0F, 0x00, 
		0x09, 0x01, 0x0B, 0x00, 0x0F, 0x01, 0x01, 0x00, 0x0B, 0x01, 0x05, 0x00, 
		0x16, 0x01, 0x07, 0x00, 0x06, 0x01, 0x0F, 0x00, 0x07, 0x01, 0x15, 0x00, 
		0x1A, 0x01, 0x05, 0x00, 0x06, 0x01, 0x0F, 0x00, 0x01, 0xE6, 0x07, 0x01, 
		0x03, 0x00, 0x06, 0x01, 0x13, 0x00, 0x07, 0x01, 0x04, 0x00, 0x06, 0x01, 
		0x16, 0x00, 0x06, 0x01, 0x08, 0x00, 0x06, 0x01, 0x10, 0x00, 0x08, 0x01, 
		0x0C, 0x00, 0x1A, 0x01, 0x05, 0x00, 0x17, 0x01, 0x06, 0x00, 0x06, 0x01, 
		0x10, 0x00, 0x07, 0x01, 0x15, 0x00, 0x18, 0x01, 0x06, 0x00, 0x06, 0x01, 
		0x10, 0x00, 0x08, 0x01, 0x02, 0x00, 0x05, 0x01, 0x15, 0x00, 0x06, 0x01, 
		0x04, 0x00, 0x06, 0x01, 0x16, 0x00, 0x06, 0x01, 0x08, 0x00, 0x05, 0x01, 
		0x01, 0xE6, 0x11, 0x00, 0x07, 0x01, 0x0E, 0x00, 0x17, 0x01, 0x06, 0x00, 
		0x18, 0x01, 0x05, 0x00, 0x06, 0x01, 0x10, 0x00, 0x08, 0x01, 0x16, 0x00, 
		0x15, 0x01, 0x07, 0x00, 0x06, 0x01, 0x11, 0x00, 0x07, 0x01, 0x02, 0x00, 
		0x05, 0x01, 0x15, 0x00, 0x06, 0x01, 0x04, 0x00, 0x06, 0x01, 0x16, 0x00, 
		0x06, 0x01, 0x08, 0x00, 0x05, 0x01, 0x01, 0xE6, 0x11, 0x00, 0x07, 0x01, 
		0x0F, 0x00, 0x15, 0x01, 0x07, 0x00, 0x18, 0x01, 0x05, 0x00, 0x06, 0x01, 
		0x11, 0x00, 0x07, 0x01, 0x18, 0x00, 0x11, 0x01, 0x09, 0x00, 0x06, 0x01, 
		0x12, 0x00, 0x06, 0x01, 0x02, 0x00, 0x05, 0x01, 0x15, 0x00, 0x05, 0x01, 
		0x05, 0x00, 0x06, 0x01, 0x16, 0x00, 0x06, 0x01, 0x08, 0x00, 0x05, 0x01, 
		0x13, 0x00, 0x01, 0xE6, 0x05, 0x01, 0x10, 0x00, 0x12, 0x01, 0x09, 0x00, 
		0x17, 0x01, 0x06, 0x00, 0x06, 0x01, 0x11, 0x00, 0x07, 0x01, 0x1A, 0x00, 
		0x0C, 0x01, 0x0E, 0x00, 0x03, 0x01, 0x14, 0x00, 0x04, 0x01, 0x03, 0x00, 
		0x04, 0x01, 0x17, 0x00, 0x03, 0x01, 0x07, 0x00, 0x04, 0x01, 0x19, 0x00, 
		0x03, 0x01, 0x0A, 0x00, 0x03, 0x01, 0x15, 0x00, 0x04, 0x01, 0x14, 0x00, 
		0x0C, 0x01, 0x0D, 0x00, 0x15, 0x01, 0x09, 0x00, 0x03, 0x01, 0x14, 0x00, 
		0x04, 0x01, 0xFF, 0x00, 0xFF, 0x00, 0xFF, 0x00, 0xFF, 0x00, 0xFF, 0x00, 
		0xFF, 0x00, 0xFF, 0x00, 0xFF, 0x00, 0xFF, 0x00, 0xFF, 0x00, 0xFF, 0x00, 
		0xFF, 0x00, 0xFF, 0x00, 0xFF, 0x00, 0xFF, 0x00, 0xFF, 0x00, 0xFF, 0x00, 
		0xFF, 0x00, 0xFF, 0x00, 0xFF, 0x00, 0xFF, 0x00, 0xFF, 0x00, 0xFF, 0x00, 
		0xFF, 0x00, 0x99, 0x00, 0x08, 0xC1, 0x09, 0xC0, 0x07, 0xC1, 0x01, 0xE5, 
		0xFE, 0x00, 0x01, 0xE5, 0x02, 0xC1, 0x2C, 0xC0, 0x02, 0xC1, 0x01, 0xE5, 
		0xEA, 0x00, 0x01, 0xE5, 0x01, 0xC1, 0x13, 0xC0, 0x06, 0xC1, 0x01, 0xE5, 
		0x01, 0xC1, 0x08, 0x00, 0x02, 0xE5, 0x06, 0xC1, 0x13, 0xC0, 0x01, 0xC1, 
		0x01, 0xE5, 0xDC, 0x00, 0x01, 0xC1, 0x0E, 0xC0, 0x02, 0xC1, 0x01, 0xE5, 
		0x2A, 0x00, 0x02, 0xE5, 0x02, 0xC1, 0x0D, 0xC0, 0x01, 0xC1, 0x01, 0xE5, 
		0xD0, 0x00, 0x01, 0xC1, 0x0B, 0xC0, 0x01, 0xC1, 0x01, 0xE5, 0x3C, 0x00, 
		0x01, 0xE5, 0x01, 0xC1, 0x0B, 0xC0, 0x01, 0xC1, 0x01, 0xE5, 0xC6, 0x00, 
		0x01, 0xC1, 0x09, 0xC0, 0x01, 0xC1, 0x01, 0xE5, 0x4A, 0x00, 0x01, 0xE5, 
		0x01, 0xC1, 0x09, 0xC0, 0x01, 0xC1, 0x01, 0xE5, 0xBD, 0x00, 0x01, 0xE5, 
		0x08, 0xC0, 0x01, 0xC1, 0x01, 0xE5, 0x55, 0x00, 0x01, 0xC1, 0x08, 0xC0, 
		0x01, 0xC1, 0x01, 0xE5, 0xB5, 0x00, 0x01, 0xC1, 0x08, 0xC0, 0x01, 0xE5, 
		0x5E, 0x00, 0x01, 0xE5, 0x01, 0xC1, 0x07, 0xC0, 0x01, 0xC1, 0x01, 0xE5, 
		0xAD, 0x00, 0x01, 0xE5, 0x08, 0xC0, 0x01, 0xE5, 0x67, 0x00, 0x01, 0xC1, 
		0x07, 0xC0, 0x01, 0xC1, 0xA7, 0x00, 0x01, 0xE5, 0x07, 0xC0, 0x01, 0xE5, 
		0x6F, 0x00, 0x01, 0xC1, 0x06, 0xC0, 0x01, 0xC1, 0x01, 0xE5, 0xA0, 0x00, 
		0x01, 0xC1, 0x06, 0xC0, 0x01, 0xE5, 0x76, 0x00, 0x01, 0xE5, 0x06, 0xC0, 
		0x01, 0xC1, 0x01, 0xE5, 0x9A, 0x00, 0x01, 0xC1, 0x06, 0xC0, 0x01, 0xC1, 
		0x7D, 0x00, 0x01, 0xC1, 0x06, 0xC0, 0x01, 0xE5, 0x94, 0x00, 0x01, 0xC1, 
		0x06, 0xC0, 0x01, 0xE5, 0x83, 0x00, 0x01, 0xC1, 0x05, 0xC0, 0x01, 0xC1, 
		0x8F, 0x00, 0x01, 0xE5, 0x01, 0xC1, 0x05, 0xC0, 0x01, 0xC1, 0x89, 0x00, 
		0x01, 0xC1, 0x05, 0xC0, 0x01, 0xC1, 0x8A, 0x00, 0x01, 0xC1, 0x05, 0xC0, 
		0x01, 0xE5, 0x8F, 0x00, 0x01, 0xC1, 0x05, 0xC0, 0x01, 0xE5, 0x85, 0x00, 
		0x05, 0xC0, 0x01, 0xC1, 0x94, 0x00, 0x01, 0xE5, 0x01, 0xC1, 0x04, 0xC0, 
		0x01, 0xC1, 0x80, 0x00, 0x01, 0xE5, 0x05, 0xC0, 0x01, 0xC1, 0x99, 0x00, 
		0x01, 0xE5, 0x04, 0xC0, 0x01, 0xC1, 0x7C, 0x00, 0x01, 0xE5, 0x04, 0xC0, 
		0x01, 0xC1, 0x9E, 0x00, 0x01, 0xC1, 0x05, 0xC0, 0x78, 0x00, 0x01, 0xC1, 
		0x04, 0xC0, 0x01, 0xE5, 0xA3, 0x00, 0x01, 0xC1, 0x04, 0xC0, 0x01, 0xE5, 
		0x73, 0x00, 0x05, 0xC0, 0x01, 0xE5, 0xA7, 0x00, 0x01, 0xC1, 0x04, 0xC0, 
		0x01, 0xE5, 0x6F, 0x00, 0x01, 0xC1, 0x01, 0xC0, 0x01, 0x9C, 0x02, 0xC0, 
		0xAC, 0x00, 0x01, 0xC1, 0x04, 0xC0, 0x01, 0xC1, 0x6B, 0x00, 0x01, 0xC1, 
		0x04, 0xC0, 0xB0, 0x00, 0x01, 0xC1, 0x04, 0xC0, 0x01, 0xE5, 0x67, 0x00, 
		0x01, 0xC1, 0x04, 0xC0, 0xB4, 0x00, 0x01, 0xC1, 0x01, 0xC0, 0x01, 0x9C, 
		0x02, 0xC0, 0x64, 0x00, 0x01, 0xC1, 0x04, 0xC0, 0xB8, 0x00, 0x01, 0xC1, 
		0x04, 0xC0, 0x61, 0x00, 0x04, 0xC0, 0x01, 0xE5, 0xBB, 0x00, 0x01, 0xC1, 
		0x03, 0xC0, 0x01, 0xC1, 0x5D, 0x00, 0x01, 0xC1, 0x03, 0xC0, 0x01, 0xC1, 
		0xBF, 0x00, 0x04, 0xC0, 0x01, 0xE5, 0x59, 0x00, 0x01, 0xC1, 0x03, 0xC0, 
		0x01, 0xC1, 0xC2, 0x00, 0x01, 0xE5, 0x04, 0xC0, 0x57, 0x00, 0x01, 0xC1, 
		0x03, 0xC0, 0xC6, 0x00, 0x01, 0xE5, 0x03, 0xC0, 0x01, 0xC1, 0x53, 0x00, 
		0x01, 0xE5, 0x03, 0xC0, 0x01, 0xC1, 0xC9, 0x00, 0x04, 0xC0, 0x51, 0x00, 
		0x04, 0xC0, 0xCC, 0x00, 0x01, 0xC1, 0x03, 0xC0, 0x01, 0xE5, 0x4D, 0x00, 
		0x01, 0xE5, 0x03, 0xC0, 0x01, 0xE5, 0xCF, 0x00, 0x04, 0xC0, 0x4B, 0x00, 
		0x01, 0xC1, 0x03, 0xC0, 0xD2, 0x00, 0x01, 0xE5, 0x03, 0xC0, 0x01, 0xC1, 
		0x48, 0x00, 0x03, 0xC0, 0x01, 0xC1, 0xD5, 0x00, 0x03, 0xC0, 0x01, 0xC1, 
		0x45, 0x00, 0x01, 0xE5, 0x03, 0xC0, 0xD8, 0x00, 0x01, 0xC1, 0x03, 0xC0, 
		0x43, 0x00, 0x01, 0xC1, 0x03, 0xC0, 0xDA, 0x00, 0x01, 0xE5, 0x03, 0xC0, 
		0x41, 0x00, 0x03, 0xC0, 0x01, 0xC1, 0xDD, 0x00, 0x03, 0xC0, 0x01, 0xE5, 
		0x3E, 0x00, 0x03, 0xC0, 0x01, 0xE5, 0xDF, 0x00, 0x03, 0xC0, 0x01, 0xC1, 
		0x3C, 0x00, 0x03, 0xC0, 0xA1, 0x00, 0x01, 0xC1, 0x02, 0xC0, 0x01, 0xC1, 
		0x3D, 0x00, 0x03, 0xC0, 0x01, 0xC1, 0x39, 0x00, 0x01, 0xE5, 0x03, 0xC0, 
		0xA1, 0x00, 0x01, 0xC1, 0x04, 0xC0, 0x01, 0xE5, 0x3D, 0x00, 0x01, 0xC1, 
		0x02, 0xC0, 0x01, 0xC1, 0x37, 0x00, 0x01, 0xC1, 0x03, 0xC0, 0xA2, 0x00, 
		0x06, 0xC0, 0x3E, 0x00, 0x01, 0xE5, 0x03, 0xC0, 0x35, 0x00, 0x01, 0xE5, 
		0x02, 0xC0, 0x01, 0xC1, 0xA3, 0x00, 0x06, 0xC0, 0x40, 0x00, 0x03, 0xC0, 
		0x33, 0x00, 0x01, 0xE5, 0x03, 0xC0, 0x05, 0x00, 0x01, 0xC1, 0x02, 0xC0, 
		0x01, 0xC1, 0x2D, 0x00, 0x03, 0xC0, 0x01, 0xC1, 0x6A, 0x00, 0x06, 0xC0, 
		0x41, 0x00, 0x03, 0xC0, 0x31, 0x00, 0x01, 0xC1, 0x02, 0xC0, 0x01, 0xC1, 
		0x05, 0x00, 0x06, 0xC0, 0x2B, 0x00, 0x06, 0xC0, 0x69, 0x00, 0x06, 0xC0, 
		0x42, 0x00, 0x03, 0xC0, 0x2F, 0x00, 0x01, 0xE5, 0x03, 0xC0, 0x06, 0x00, 
		0x06, 0xC0, 0x2B, 0x00, 0x06, 0xC0, 0x69, 0x00, 0x06, 0xC0, 0x43, 0x00, 
		0x03, 0xC0, 0x2D, 0x00, 0x01, 0xE5, 0x02, 0xC0, 0x01, 0xC1, 0x07, 0x00, 
		0x06, 0xC0, 0x01, 0xC1, 0x29, 0x00, 0x01, 0xE5, 0x06, 0xC0, 0x69, 0x00, 
		0x06, 0xC0, 0x44, 0x00, 0x03, 0xC0, 0x2C, 0x00, 0x03, 0xC0, 0x08, 0x00, 
		0x06, 0xC0, 0x01, 0xC1, 0x29, 0x00, 0x01, 0xC1, 0x06, 0xC0, 0x69, 0x00, 
		0x06, 0xC0, 0x45, 0x00, 0x02, 0xC0, 0x01, 0xC1, 0x2A, 0x00, 0x03, 0xC0, 
		0x09, 0x00, 0x06, 0xC0, 0x01, 0xC1, 0x29, 0x00, 0x01, 0xC1, 0x06, 0xC0, 
		0x69, 0x00, 0x06, 0xC0, 0x46, 0x00, 0x02, 0xC0, 0x01, 0xC1, 0x28, 0x00, 
		0x01, 0xC0, 0x01, 0x9C, 0x01, 0xC0, 0x0A, 0x00, 0x06, 0xC0, 0x01, 0xC1, 
		0x29, 0x00, 0x01, 0xC1, 0x06, 0xC0, 0x69, 0x00, 0x06, 0xC0, 0x46, 0x00, 
		0x01, 0xE5, 0x02, 0xC0, 0x01, 0xE5, 0x26, 0x00, 0x03, 0xC0, 0x0B, 0x00, 
		0x06, 0xC0, 0x01, 0xC1, 0x29, 0x00, 0x01, 0xC1, 0x06, 0xC0, 0x69, 0x00, 
		0x06, 0xC0, 0x47, 0x00, 0x01, 0xC1, 0x02, 0xC0, 0x25, 0x00, 0x01, 0xC1, 
		0x02, 0xC0, 0x0C, 0x00, 0x06, 0xC0, 0x01, 0xC1, 0x29, 0x00, 0x01, 0xC1, 
		0x06, 0xC0, 0x69, 0x00, 0x06, 0xC0, 0x48, 0x00, 0x01, 0xC1, 0x02, 0xC0, 
		0x23, 0x00, 0x01, 0xE5, 0x02, 0xC0, 0x01, 0xE5, 0x0C, 0x00, 0x06, 0xC0, 
		0x01, 0xC1, 0x29, 0x00, 0x01, 0xC1, 0x06, 0xC0, 0x69, 0x00, 0x06, 0xC0, 
		0x49, 0x00, 0x03, 0xC0, 0x22, 0x00, 0x02, 0xC0, 0x01, 0xC1, 0x0D, 0x00, 
		0x06, 0xC0, 0x01, 0xC1, 0x29, 0x00, 0x01, 0xC1, 0x06, 0xC0, 0x69, 0x00, 
		0x06, 0xC0, 0x4A, 0x00, 0x02, 0xC0, 0x01, 0xC1, 0x20, 0x00, 0x03, 0xC0, 
		0x0E, 0x00, 0x06, 0xC0, 0x01, 0xC1, 0x29, 0x00, 0x01, 0xC1, 0x06, 0xC0, 
		0x69, 0x00, 0x06, 0xC0, 0x4A, 0x00, 0x01, 0xE5, 0x02, 0xC0, 0x1F, 0x00, 
		0x01, 0xC1, 0x02, 0xC0, 0x0F, 0x00, 0x06, 0xC0, 0x01, 0xC1, 0x29, 0x00, 
		0x01, 0xC1, 0x06, 0xC0, 0x69, 0x00, 0x06, 0xC0, 0x4B, 0x00, 0x01, 0xC1, 
		0x02, 0xC0, 0x1E, 0x00, 0x02, 0xC0, 0x01, 0xE5, 0x0F, 0x00, 0x06, 0xC0, 
		0x01, 0xC1, 0x29, 0x00, 0x01, 0xC1, 0x06, 0xC0, 0x69, 0x00, 0x06, 0xC0, 
		0x4C, 0x00, 0x02, 0xC0, 0x01, 0xC1, 0x1C, 0x00, 0x02, 0xC0, 0x01, 0xC1, 
		0x10, 0x00, 0x06, 0xC0, 0x01, 0xC1, 0x29, 0x00, 0x01, 0xC1, 0x06, 0xC0, 
		0x69, 0x00, 0x06, 0xC0, 0x4D, 0x00, 0x02, 0xC0, 0x01, 0xE5, 0x1A, 0x00, 
		0x01, 0xC1, 0x02, 0xC0, 0x11, 0x00, 0x06, 0xC0, 0x01, 0xC1, 0x29, 0x00, 
		0x01, 0xC1, 0x06, 0xC0, 0x69, 0x00, 0x06, 0xC0, 0x4D, 0x00, 0x01, 0xC1, 
		0x02, 0xC0, 0x1A, 0x00, 0x02, 0xC0, 0x01, 0xE5, 0x11, 0x00, 0x06, 0xC0, 
		0x01, 0xC1, 0x29, 0x00, 0x01, 0xC1, 0x06, 0xC0, 0x69, 0x00, 0x06, 0xC0, 
		0x4E, 0x00, 0x02, 0xC0, 0x01, 0xE5, 0x18, 0x00, 0x01, 0xC1, 0x01, 0x9C, 
		0x01, 0xC0, 0x12, 0x00, 0x06, 0xC0, 0x01, 0xC1, 0x29, 0x00, 0x01, 0xC1, 
		0x06, 0xC0, 0x69, 0x00, 0x06, 0xC0, 0x4E, 0x00, 0x01, 0xE5, 0x02, 0xC0, 
		0x18, 0x00, 0x02, 0xC0, 0x13, 0x00, 0x06, 0xC0, 0x01, 0xC1, 0x29, 0x00, 
		0x01, 0xC1, 0x06, 0xC0, 0x69, 0x00, 0x06, 0xC0, 0x4F, 0x00, 0x02, 0xC0, 
		0x01, 0xC1, 0x16, 0x00, 0x01, 0xC1, 0x01, 0xC0, 0x01, 0xC1, 0x13, 0x00, 
		0x06, 0xC0, 0x01, 0xC1, 0x29, 0x00, 0x01, 0xC1, 0x06, 0xC0, 0x31, 0x00, 
		0x01, 0xE5, 0x06, 0xC1, 0x01, 0xE5, 0x30, 0x00, 0x06, 0xC0, 0x50, 0x00, 
		0x02, 0xC0, 0x16, 0x00, 0x02, 0xC0, 0x14, 0x00, 0x06, 0xC0, 0x01, 0xC1, 
		0x29, 0x00, 0x01, 0xC1, 0x06, 0xC0, 0x2C, 0x00, 0x01, 0xE5, 0x01, 0xC1, 
		0x0E, 0xC0, 0x02, 0xC1, 0x2B, 0x00, 0x06, 0xC0, 0x1C, 0x00, 0x01, 0xC1, 
		0x22, 0xC0, 0x01, 0xC1, 0x10, 0x00, 0x01, 0xC1, 0x01, 0xC0, 0x01, 0xC1, 
		0x14, 0x00, 0x01, 0xC1, 0x02, 0xC0, 0x14, 0x00, 0x06, 0xC0, 0x01, 0xC1, 
		0x29, 0x00, 0x01, 0xC1, 0x06, 0xC0, 0x2A, 0x00, 0x01, 0xE5, 0x02, 0xC0, 
		0x01, 0x9C, 0x11, 0xC0, 0x01, 0xC1, 0x29, 0x00, 0x06, 0xC0, 0x1C, 0x00, 
		0x25, 0xC0, 0x10, 0x00, 0x02, 0xC0, 0x14, 0x00, 0x02, 0xC0, 0x15, 0x00, 
		0x06, 0xC0, 0x01, 0xC1, 0x29, 0x00, 0x01, 0xC1, 0x06, 0xC0, 0x28, 0x00, 
		0x01, 0xC1, 0x18, 0xC0, 0x01, 0xC1, 0x27, 0x00, 0x06, 0xC0, 0x1B, 0x00, 
		0x01, 0xC1, 0x01, 0xC0, 0x01, 0x9C, 0x23, 0xC0, 0x10, 0x00, 0x01, 0xC1, 
		0x02, 0xC0, 0x12, 0x00, 0x01, 0xC1, 0x02, 0xC0, 0x15, 0x00, 0x06, 0xC0, 
		0x01, 0xC1, 0x29, 0x00, 0x01, 0xC1, 0x06, 0xC0, 0x26, 0x00, 0x01, 0xE5, 
		0x1C, 0xC0, 0x01, 0xE5, 0x25, 0x00, 0x06, 0xC0, 0x1B, 0x00, 0x01, 0xC1, 
		0x25, 0xC0, 0x11, 0x00, 0x02, 0xC0, 0x12, 0x00, 0x02, 0xC0, 0x16, 0x00, 
		0x06, 0xC0, 0x01, 0xC1, 0x29, 0x00, 0x01, 0xC1, 0x06, 0xC0, 0x25, 0x00, 
		0x01, 0xC1, 0x1E, 0xC0, 0x01, 0xC1, 0x24, 0x00, 0x06, 0xC0, 0x1B, 0x00, 
		0x01, 0xE5, 0x25, 0xC0, 0x11, 0x00, 0x02, 0xC0, 0x01, 0xC1, 0x10, 0x00, 
		0x01, 0xE5, 0x02, 0xC0, 0x16, 0x00, 0x06, 0xC0, 0x01, 0xC1, 0x29, 0x00, 
		0x01, 0xC1, 0x06, 0xC0, 0x24, 0x00, 0x09, 0xC0, 0x01, 0x9C, 0x05, 0xC0, 
		0x04, 0xC1, 0x0F, 0xC0, 0x23, 0x00, 0x06, 0xC0, 0x1C, 0x00, 0x01, 0xE5, 
		0x23, 0xC0, 0x01, 0xC1, 0x11, 0x00, 0x01, 0xE5, 0x02, 0xC0, 0x10, 0x00, 
		0x02, 0xC0, 0x01, 0xE5, 0x16, 0x00, 0x06, 0xC0, 0x01, 0xC1, 0x29, 0x00, 
		0x01, 0xC1, 0x06, 0xC0, 0x23, 0x00, 0x0B, 0xC0, 0x01, 0xC1, 0x01, 0xE5, 
		0x0A, 0x00, 0x01, 0xE5, 0x0C, 0xC0, 0x22, 0x00, 0x06, 0xC0, 0x37, 0x00, 
		0x01, 0xC1, 0x01, 0xC0, 0x01, 0x9C, 0x06, 0xC0, 0x13, 0x00, 0x02, 0xC0, 
		0x10, 0x00, 0x02, 0xC0, 0x17, 0x00, 0x06, 0xC0, 0x01, 0xC1, 0x29, 0x00, 
		0x01, 0xC1, 0x06, 0xC0, 0x22, 0x00, 0x0A, 0xC0, 0x01, 0xC1, 0x10, 0x00, 
		0x01, 0xE5, 0x0A, 0xC0, 0x21, 0x00, 0x06, 0xC0, 0x37, 0x00, 0x08, 0xC0, 
		0x14, 0x00, 0x01, 0xC1, 0x02, 0xC0, 0x0E, 0x00, 0x01, 0xC1, 0x02, 0xC0, 
		0x17, 0x00, 0x06, 0xC0, 0x01, 0xC1, 0x29, 0x00, 0x01, 0xC1, 0x06, 0xC0, 
		0x21, 0x00, 0x0A, 0xC0, 0x14, 0x00, 0x0A, 0xC0, 0x20, 0x00, 0x06, 0xC0, 
		0x36, 0x00, 0x01, 0xC1, 0x07, 0xC0, 0x01, 0xE5, 0x15, 0x00, 0x02, 0xC0, 
		0x0E, 0x00, 0x02, 0xC0, 0x01, 0xE5, 0x17, 0x00, 0x06, 0xC0, 0x01, 0xC1, 
		0x29, 0x00, 0x01, 0xC1, 0x06, 0xC0, 0x20, 0x00, 0x09, 0xC0, 0x01, 0xE5, 
		0x16, 0x00, 0x01, 0xE5, 0x09, 0xC0, 0x1F, 0x00, 0x06, 0xC0, 0x35, 0x00, 
		0x01, 0xE5, 0x08, 0xC0, 0x16, 0x00, 0x02, 0xC0, 0x0E, 0x00, 0x02, 0xC0, 
		0x18, 0x00, 0x06, 0xC0, 0x01, 0xC1, 0x29, 0x00, 0x01, 0xC1, 0x06, 0xC0, 
		0x1F, 0x00, 0x01, 0xC1, 0x08, 0xC0, 0x1A, 0x00, 0x08, 0xC0, 0x01, 0xC1, 
		0x1E, 0x00, 0x06, 0xC0, 0x35, 0x00, 0x08, 0xC0, 0x17, 0x00, 0x01, 0xC1, 
		0x02, 0xC0, 0x0C, 0x00, 0x01, 0xE5, 0x02, 0xC0, 0x18, 0x00, 0x06, 0xC0, 
		0x01, 0xC1, 0x29, 0x00, 0x01, 0xC1, 0x06, 0xC0, 0x1F, 0x00, 0x08, 0xC0, 
		0x01, 0xE5, 0x1B, 0x00, 0x08, 0xC0, 0x1E, 0x00, 0x06, 0xC0, 0x34, 0x00, 
		0x08, 0xC0, 0x19, 0x00, 0x02, 0xC0, 0x0C, 0x00, 0x02, 0xC0, 0x01, 0xC1, 
		0x18, 0x00, 0x06, 0xC0, 0x01, 0xE5, 0x29, 0x00, 0x01, 0xC1, 0x06, 0xC0, 
		0x1E, 0x00, 0x01, 0xC1, 0x07, 0xC0, 0x1E, 0x00, 0x08, 0xC0, 0x1D, 0x00, 
		0x06, 0xC0, 0x33, 0x00, 0x01, 0xC1, 0x07, 0xC0, 0x01, 0xE5, 0x19, 0x00, 
		0x02, 0xC0, 0x0C, 0x00, 0x02, 0xC0, 0x19, 0x00, 0x05, 0xC0, 0x01, 0x9C, 
		0x2B, 0xC0, 0x01, 0x9C, 0x05, 0xC0, 0x1D, 0x00, 0x01, 0xE5, 0x07, 0xC0, 
		0x01, 0xC1, 0x1F, 0x00, 0x07, 0xC0, 0x01, 0xC1, 0x1C, 0x00, 0x06, 0xC0, 
		0x32, 0x00, 0x01, 0xE5, 0x08, 0xC0, 0x1A, 0x00, 0x02, 0xC0, 0x01, 0xE5, 
		0x0B, 0x00, 0x02, 0xC0, 0x19, 0x00, 0x37, 0xC0, 0x1D, 0x00, 0x08, 0xC0, 
		0x20, 0x00, 0x01, 0xC1, 0x07, 0xC0, 0x1C, 0x00, 0x06, 0xC0, 0x32, 0x00, 
		0x08, 0xC0, 0x1B, 0x00, 0x01, 0xE5, 0x02, 0xC0, 0x0A, 0x00, 0x01, 0xE5, 
		0x02, 0xC0, 0x19, 0x00, 0x37, 0xC0, 0x1D, 0x00, 0x07, 0xC0, 0x22, 0x00, 
		0x07, 0xC0, 0x1C, 0x00, 0x06, 0xC0, 0x31, 0x00, 0x01, 0xC1, 0x07, 0xC0, 
		0x01, 0xE5, 0x1C, 0x00, 0x02, 0xC0, 0x0A, 0x00, 0x01, 0xC1, 0x01, 0xC0, 
		0x01, 0xC1, 0x19, 0x00, 0x37, 0xC0, 0x1C, 0x00, 0x01, 0xC1, 0x06, 0xC0, 
		0x01, 0xC1, 0x22, 0x00, 0x01, 0xE5, 0x07, 0xC0, 0x1B, 0x00, 0x06, 0xC0, 
		0x30, 0x00, 0x01, 0xE5, 0x08, 0xC0, 0x1D, 0x00, 0x02, 0xC0, 0x0A, 0x00, 
		0x02, 0xC0, 0x01, 0xE5, 0x19, 0x00, 0x37, 0xC0, 0x1C, 0x00, 0x07, 0xC0, 
		0x24, 0x00, 0x07, 0xC0, 0x1B, 0x00, 0x06, 0xC0, 0x30, 0x00, 0x08, 0xC0, 
		0x1E, 0x00, 0x02, 0xC0, 0x0A, 0x00, 0x02, 0xC0, 0x1A, 0x00, 0x05, 0xC0, 
		0x01, 0x9C, 0x2B, 0xC0, 0x01, 0x9C, 0x05, 0xC0, 0x1B, 0x00, 0x01, 0xC1, 
		0x06, 0xC0, 0x01, 0xE5, 0x24, 0x00, 0x01, 0xE5, 0x06, 0xC0, 0x01, 0xE5, 
		0x1A, 0x00, 0x06, 0xC0, 0x2F, 0x00, 0x08, 0xC0, 0x1F, 0x00, 0x01, 0xC1, 
		0x01, 0xC0, 0x01, 0xC1, 0x09, 0x00, 0x02, 0xC0, 0x1A, 0x00, 0x06, 0xC0, 
		0x01, 0xE5, 0x29, 0x00, 0x01, 0xC1, 0x06, 0xC0, 0x1B, 0x00, 0x01, 0xC1, 
		0x06, 0xC0, 0x01, 0xE5, 0x25, 0x00, 0x06, 0xC0, 0x01, 0xC1, 0x1A, 0x00, 
		0x06, 0xC0, 0x2E, 0x00, 0x01, 0xC1, 0x07, 0xC0, 0x01, 0xC1, 0x1F, 0x00, 
		0x01, 0xC1, 0x01, 0xC0, 0x01, 0xC1, 0x09, 0x00, 0x02, 0xC0, 0x1A, 0x00, 
		0x06, 0xC0, 0x01, 0xC1, 0x29, 0x00, 0x01, 0xC1, 0x06, 0xC0, 0x1B, 0x00, 
		0x07, 0xC0, 0x26, 0x00, 0x07, 0xC0, 0x1A, 0x00, 0x06, 0xC0, 0x2D, 0x00, 
		0x01, 0xE5, 0x08, 0xC0, 0x20, 0x00, 0x01, 0xC1, 0x01, 0xC0, 0x01, 0xC1, 
		0x09, 0x00, 0x02, 0xC0, 0x1A, 0x00, 0x06, 0xC0, 0x01, 0xC1, 0x29, 0x00, 
		0x01, 0xC1, 0x06, 0xC0, 0x1B, 0x00, 0x07, 0xC0, 0x26, 0x00, 0x07, 0xC0, 
		0x1A, 0x00, 0x06, 0xC0, 0x2D, 0x00, 0x08, 0xC0, 0x21, 0x00, 0x01, 0xE5, 
		0x02, 0xC0, 0x09, 0x00, 0x02, 0xC0, 0x1A, 0x00, 0x06, 0xC0, 0x01, 0xE5, 
		0x29, 0x00, 0x01, 0xE5, 0x06, 0xC0, 0x1B, 0x00, 0x06, 0xC0, 0x01, 0xC1, 
		0x26, 0x00, 0x01, 0xE5, 0x06, 0xC0, 0x1A, 0x00, 0x06, 0xC0, 0x2C, 0x00, 
		0x08, 0xC0, 0x01, 0xE5, 0x22, 0x00, 0x02, 0xC0, 0x09, 0x00, 0x02, 0xC0, 
		0x1A, 0x00, 0x06, 0xC0, 0x01, 0xC1, 0x29, 0x00, 0x01, 0xC1, 0x06, 0xC0, 
		0x1B, 0x00, 0x06, 0xC0, 0x01, 0xE5, 0x27, 0x00, 0x06, 0xC0, 0x1A, 0x00, 
		0x06, 0xC0, 0x2B, 0x00, 0x01, 0xC1, 0x07, 0xC0, 0x01, 0xC1, 0x23, 0x00, 
		0x02, 0xC0, 0x09, 0x00, 0x02, 0xC0, 0x1A, 0x00, 0x06, 0xC0, 0x01, 0xC1, 
		0x29, 0x00, 0x01, 0xC1, 0x06, 0xC0, 0x1A, 0x00, 0x01, 0xE5, 0x06, 0xC0, 
		0x28, 0x00, 0x06, 0xC0, 0x01, 0xE5, 0x19, 0x00, 0x06, 0xC0, 0x2B, 0x00, 
		0x07, 0xC0, 0x01, 0xC1, 0x24, 0x00, 0x02, 0xC0, 0x08, 0x00, 0x01, 0xE5, 
		0x02, 0xC0, 0x1A, 0x00, 0x06, 0xC0, 0x01, 0xC1, 0x29, 0x00, 0x01, 0xC1, 
		0x06, 0xC0, 0x1A, 0x00, 0x01, 0xE5, 0x06, 0xC0, 0x28, 0x00, 0x06, 0xC0, 
		0x01, 0xE5, 0x19, 0x00, 0x06, 0xC0, 0x2A, 0x00, 0x08, 0xC0, 0x25, 0x00, 
		0x02, 0xC0, 0x08, 0x00, 0x01, 0xE5, 0x02, 0xC0, 0x1A, 0x00, 0x06, 0xC0, 
		0x01, 0xC1, 0x29, 0x00, 0x01, 0xC1, 0x06, 0xC0, 0x1A, 0x00, 0x01, 0xC1, 
		0x06, 0xC0, 0x28, 0x00, 0x06, 0xC0, 0x01, 0xC1, 0x19, 0x00, 0x06, 0xC0, 
		0x29, 0x00, 0x01, 0xC1, 0x07, 0xC0, 0x01, 0xE5, 0x25, 0x00, 0x02, 0xC0, 
		0x09, 0x00, 0x02, 0xC0, 0x1A, 0x00, 0x06, 0xC0, 0x01, 0xC1, 0x29, 0x00, 
		0x01, 0xC1, 0x06, 0xC0, 0x1A, 0x00, 0x01, 0xC1, 0x06, 0xC0, 0x28, 0x00, 
		0x06, 0xC0, 0x01, 0xC1, 0x19, 0x00, 0x06, 0xC0, 0x28, 0x00, 0x01, 0xE5, 
		0x07, 0xC0, 0x01, 0xC1, 0x26, 0x00, 0x02, 0xC0, 0x09, 0x00, 0x02, 0xC0, 
		0x1A, 0x00, 0x06, 0xC0, 0x01, 0xC1, 0x29, 0x00, 0x01, 0xC1, 0x06, 0xC0, 
		0x1A, 0x00, 0x01, 0xC1, 0x06, 0xC0, 0x28, 0x00, 0x06, 0xC0, 0x01, 0xC1, 
		0x19, 0x00, 0x06, 0xC0, 0x28, 0x00, 0x08, 0xC0, 0x27, 0x00, 0x02, 0xC0, 
		0x09, 0x00, 0x02, 0xC0, 0x1A, 0x00, 0x06, 0xC0, 0x01, 0xC1, 0x29, 0x00, 
		0x01, 0xC1, 0x06, 0xC0, 0x1A, 0x00, 0x01, 0xE5, 0x06, 0xC0, 0x28, 0x00, 
		0x06, 0xC0, 0x01, 0xC1, 0x19, 0x00, 0x06, 0xC0, 0x27, 0x00, 0x08, 0xC0, 
		0x28, 0x00, 0x02, 0xC0, 0x09, 0x00, 0x02, 0xC0, 0x1A, 0x00, 0x06, 0xC0, 
		0x01, 0xC1, 0x29, 0x00, 0x01, 0xC1, 0x06, 0xC0, 0x1B, 0x00, 0x06, 0xC0, 
		0x01, 0xE5, 0x27, 0x00, 0x06, 0xC0, 0x01, 0xE5, 0x19, 0x00, 0x06, 0xC0, 
		0x26, 0x00, 0x01, 0xC1, 0x07, 0xC0, 0x01, 0xC1, 0x27, 0x00, 0x01, 0xE5, 
		0x02, 0xC0, 0x09, 0x00, 0x02, 0xC0, 0x1A, 0x00, 0x06, 0xC0, 0x01, 0xC1, 
		0x29, 0x00, 0x01, 0xC1, 0x06, 0xC0, 0x1B, 0x00, 0x06, 0xC0, 0x01, 0xC1, 
		0x26, 0x00, 0x01, 0xE5, 0x06, 0xC0, 0x1A, 0x00, 0x06, 0xC0, 0x25, 0x00, 
		0x01, 0xE5, 0x08, 0xC0, 0x28, 0x00, 0x01, 0xE5, 0x02, 0xC0, 0x09, 0x00, 
		0x02, 0xC0, 0x1A, 0x00, 0x06, 0xC0, 0x01, 0xC1, 0x29, 0x00, 0x01, 0xC1, 
		0x06, 0xC0, 0x1B, 0x00, 0x06, 0xC0, 0x01, 0xC1, 0x26, 0x00, 0x01, 0xC1, 
		0x06, 0xC0, 0x1A, 0x00, 0x06, 0xC0, 0x25, 0x00, 0x08, 0xC0, 0x29, 0x00, 
		0x01, 0xC1, 0x01, 0xC0, 0x01, 0xC1, 0x09, 0x00, 0x02, 0xC0, 0x1A, 0x00, 
		0x06, 0xC0, 0x01, 0xC1, 0x29, 0x00, 0x01, 0xC1, 0x06, 0xC0, 0x1B, 0x00, 
		0x07, 0xC0, 0x26, 0x00, 0x01, 0xC1, 0x06, 0xC0, 0x1A, 0x00, 0x06, 0xC0, 
		0x24, 0x00, 0x01, 0xC1, 0x07, 0xC0, 0x01, 0xE5, 0x29, 0x00, 0x01, 0xC1, 
		0x01, 0xC0, 0x01, 0xC1, 0x09, 0x00, 0x02, 0xC0, 0x01, 0xE5, 0x19, 0x00, 
		0x06, 0xC0, 0x01, 0xC1, 0x29, 0x00, 0x01, 0xC1, 0x06, 0xC0, 0x1B, 0x00, 
		0x07, 0xC0, 0x26, 0x00, 0x07, 0xC0, 0x1A, 0x00, 0x06, 0xC0, 0x23, 0x00, 
		0x01, 0xC1, 0x07, 0xC0, 0x01, 0xC1, 0x2A, 0x00, 0x02, 0xC0, 0x0A, 0x00, 
		0x01, 0xC1, 0x01, 0xC0, 0x01, 0xC1, 0x19, 0x00, 0x06, 0xC0, 0x01, 0xC1, 
		0x29, 0x00, 0x01, 0xC1, 0x06, 0xC0, 0x1B, 0x00, 0x01, 0xC1, 0x06, 0xC0, 
		0x01, 0xC1, 0x24, 0x00, 0x01, 0xE5, 0x06, 0xC0, 0x01, 0xC1, 0x1A, 0x00, 
		0x06, 0xC0, 0x23, 0x00, 0x08, 0xC0, 0x2B, 0x00, 0x02, 0xC0, 0x0A, 0x00, 
		0x01, 0xE5, 0x01, 0xC0, 0x01, 0xC1, 0x19, 0x00, 0x06, 0xC0, 0x01, 0xC1, 
		0x29, 0x00, 0x01, 0xC1, 0x06, 0xC0, 0x1C, 0x00, 0x07, 0xC0, 0x24, 0x00, 
		0x07, 0xC0, 0x1B, 0x00, 0x06, 0xC0, 0x22, 0x00, 0x08, 0xC0, 0x2C, 0x00, 
		0x02, 0xC0, 0x0B, 0x00, 0x02, 0xC0, 0x19, 0x00, 0x06, 0xC0, 0x01, 0xC1, 
		0x29, 0x00, 0x01, 0xC1, 0x06, 0xC0, 0x1C, 0x00, 0x07, 0xC0, 0x01, 0xE5, 
		0x23, 0x00, 0x07, 0xC0, 0x1B, 0x00, 0x06, 0xC0, 0x21, 0x00, 0x01, 0xC1, 
		0x07, 0xC0, 0x01, 0xE5, 0x2B, 0x00, 0x01, 0xE5, 0x02, 0xC0, 0x0B, 0x00, 
		0x02, 0xC0, 0x19, 0x00, 0x06, 0xC0, 0x01, 0xC1, 0x29, 0x00, 0x01, 0xC1, 
		0x06, 0xC0, 0x1C, 0x00, 0x01, 0xC1, 0x07, 0xC0, 0x22, 0x00, 0x01, 0xC1, 
		0x06, 0xC0, 0x01, 0xC1, 0x1B, 0x00, 0x06, 0xC0, 0x20, 0x00, 0x01, 0xC1, 
		0x07, 0xC0, 0x01, 0xC1, 0x2C, 0x00, 0x02, 0xC0, 0x01, 0xE5, 0x0B, 0x00, 
		0x02, 0xC0, 0x01, 0xC1, 0x18, 0x00, 0x06, 0xC0, 0x01, 0xC1, 0x29, 0x00, 
		0x01, 0xC1, 0x06, 0xC0, 0x1D, 0x00, 0x07, 0xC0, 0x01, 0xC1, 0x21, 0x00, 
		0x07, 0xC0, 0x1C, 0x00, 0x06, 0xC0, 0x20, 0x00, 0x08, 0xC0, 0x2D, 0x00, 
		0x02, 0xC0, 0x0C, 0x00, 0x01, 0xE5, 0x02, 0xC0, 0x18, 0x00, 0x06, 0xC0, 
		0x01, 0xC1, 0x29, 0x00, 0x01, 0xC1, 0x06, 0xC0, 0x1D, 0x00, 0x01, 0xE5, 
		0x07, 0xC0, 0x20, 0x00, 0x07, 0xC0, 0x01, 0xC1, 0x1C, 0x00, 0x06, 0xC0, 
		0x1F, 0x00, 0x01, 0xC1, 0x07, 0xC0, 0x2E, 0x00, 0x02, 0xC0, 0x0D, 0x00, 
		0x02, 0xC0, 0x18, 0x00, 0x06, 0xC0, 0x01, 0xC1, 0x29, 0x00, 0x01, 0xC1, 
		0x06, 0xC0, 0x1E, 0x00, 0x08, 0xC0, 0x1E, 0x00, 0x01, 0xE5, 0x07, 0xC0, 
		0x1D, 0x00, 0x06, 0xC0, 0x1E, 0x00, 0x01, 0xE5, 0x07, 0xC0, 0x01, 0xC1, 
		0x2D, 0x00, 0x01, 0xE5, 0x02, 0xC0, 0x0D, 0x00, 0x02, 0xC0, 0x01, 0xC1, 
		0x17, 0x00, 0x06, 0xC0, 0x01, 0xC1, 0x29, 0x00, 0x01, 0xC1, 0x06, 0xC0, 
		0x1E, 0x00, 0x01, 0xC1, 0x07, 0xC0, 0x01, 0xC1, 0x1C, 0x00, 0x01, 0xC1, 
		0x07, 0xC0, 0x01, 0xC1, 0x1D, 0x00, 0x06, 0xC0, 0x1E, 0x00, 0x08, 0xC0, 
		0x2E, 0x00, 0x02, 0xC0, 0x01, 0xE5, 0x0D, 0x00, 0x01, 0xC1, 0x01, 0xC0, 
		0x01, 0xC1, 0x17, 0x00, 0x06, 0xC0, 0x01, 0xC1, 0x29, 0x00, 0x01, 0xC1, 
		0x06, 0xC0, 0x1F, 0x00, 0x08, 0xC0, 0x01, 0xC1, 0x1A, 0x00, 0x01, 0xE5, 
		0x08, 0xC0, 0x1E, 0x00, 0x06, 0xC0, 0x1D, 0x00, 0x08, 0xC0, 0x2F, 0x00, 
		0x02, 0xC0, 0x0F, 0x00, 0x02, 0xC0, 0x17, 0x00, 0x06, 0xC0, 0x01, 0xC1, 
		0x29, 0x00, 0x01, 0xC1, 0x06, 0xC0, 0x20, 0x00, 0x08, 0xC0, 0x01, 0xC1, 
		0x18, 0x00, 0x01, 0xE5, 0x08, 0xC0, 0x01, 0xE5, 0x1E, 0x00, 0x06, 0xC0, 
		0x1C, 0x00, 0x08, 0xC0, 0x01, 0xE5, 0x2E, 0x00, 0x01, 0xC1, 0x02, 0xC0, 
		0x0F, 0x00, 0x02, 0xC0, 0x01, 0xE5, 0x16, 0x00, 0x06, 0xC0, 0x01, 0xC1, 
		0x29, 0x00, 0x01, 0xC1, 0x06, 0xC0, 0x20, 0x00, 0x01, 0xC1, 0x09, 0xC0, 
		0x16, 0x00, 0x09, 0xC0, 0x01, 0xC1, 0x1F, 0x00, 0x06, 0xC0, 0x1B, 0x00, 
		0x01, 0xE5, 0x01, 0xC0, 0x01, 0x9C, 0x05, 0xC0, 0x01, 0xC1, 0x2F, 0x00, 
		0x02, 0xC0, 0x01, 0xE5, 0x0F, 0x00, 0x01, 0xE5, 0x01, 0x9C, 0x01, 0xC0, 
		0x16, 0x00, 0x06, 0xC0, 0x01, 0xC1, 0x29, 0x00, 0x01, 0xC1, 0x06, 0xC0, 
		0x21, 0x00, 0x01, 0xC1, 0x09, 0xC0, 0x01, 0xC1, 0x12, 0x00, 0x01, 0xE5, 
		0x09, 0xC0, 0x01, 0xC1, 0x20, 0x00, 0x06, 0xC0, 0x1B, 0x00, 0x08, 0xC0, 
		0x30, 0x00, 0x02, 0xC0, 0x11, 0x00, 0x02, 0xC0, 0x16, 0x00, 0x06, 0xC0, 
		0x01, 0xC1, 0x29, 0x00, 0x01, 0xC1, 0x06, 0xC0, 0x22, 0x00, 0x01, 0xC1, 
		0x0A, 0xC0, 0x01, 0xC1, 0x0E, 0x00, 0x01, 0xC1, 0x0A, 0xC0, 0x01, 0xC1, 
		0x21, 0x00, 0x06, 0xC0, 0x1A, 0x00, 0x08, 0xC0, 0x30, 0x00, 0x02, 0xC0, 
		0x01, 0xC1, 0x11, 0x00, 0x01, 0xC1, 0x01, 0xC0, 0x01, 0xC1, 0x15, 0x00, 
		0x06, 0xC0, 0x01, 0xC1, 0x29, 0x00, 0x01, 0xC1, 0x06, 0xC0, 0x23, 0x00, 
		0x01, 0xC1, 0x0C, 0xC0, 0x01, 0xC1, 0x01, 0xE5, 0x07, 0x00, 0x01, 0xC1, 
		0x0C, 0xC0, 0x01, 0xC1, 0x22, 0x00, 0x06, 0xC0, 0x19, 0x00, 0x01, 0xC1, 
		0x25, 0xC0, 0x01, 0xE5, 0x12, 0x00, 0x02, 0xC0, 0x13, 0x00, 0x02, 0xC0, 
		0x15, 0x00, 0x06, 0xC0, 0x01, 0xC1, 0x29, 0x00, 0x01, 0xC1, 0x06, 0xC0, 
		0x24, 0x00, 0x01, 0xC1, 0x20, 0xC0, 0x01, 0xC1, 0x23, 0x00, 0x06, 0xC0, 
		0x19, 0x00, 0x27, 0xC0, 0x11, 0x00, 0x01, 0xC1, 0x02, 0xC0, 0x13, 0x00, 
		0x01, 0xC1, 0x02, 0xC0, 0x14, 0x00, 0x01, 0xC0, 0x01, 0x9C, 0x04, 0xC0, 
		0x01, 0xC1, 0x29, 0x00, 0x01, 0xC1, 0x04, 0xC0, 0x01, 0x9C, 0x01, 0xC0, 
		0x26, 0x00, 0x1E, 0xC0, 0x01, 0xE5, 0x24, 0x00, 0x01, 0xC0, 0x01, 0x9C, 
		0x04, 0xC0, 0x18, 0x00, 0x01, 0xE5, 0x27, 0xC0, 0x01, 0xC1, 0x10, 0x00, 
		0x02, 0xC0, 0x15, 0x00, 0x02, 0xC0, 0x14, 0x00, 0x06, 0xC0, 0x2B, 0x00, 
		0x04, 0xC0, 0x01, 0x9C, 0x01, 0xC0, 0x27, 0x00, 0x01, 0xC1, 0x1A, 0xC0, 
		0x01, 0xC1, 0x26, 0x00, 0x06, 0xC0, 0x19, 0x00, 0x27, 0xC0, 0x01, 0xC1, 
		0x0F, 0x00, 0x01, 0xC1, 0x02, 0xC0, 0x15, 0x00, 0x02, 0xC0, 0x01, 0xC1, 
		0x13, 0x00, 0x01, 0xC1, 0x05, 0xC0, 0x2B, 0x00, 0x01, 0xC1, 0x04, 0xC0, 
		0x01, 0xC1, 0x29, 0x00, 0x01, 0xC1, 0x16, 0xC0, 0x01, 0xC1, 0x28, 0x00, 
		0x01, 0xC1, 0x04, 0xC0, 0x01, 0xC1, 0x19, 0x00, 0x27, 0xC0, 0x10, 0x00, 
		0x02, 0xC0, 0x17, 0x00, 0x02, 0xC0, 0x14, 0x00, 0x04, 0xC0, 0x2D, 0x00, 
		0x03, 0xC0, 0x01, 0xE5, 0x2C, 0x00, 0x01, 0xE5, 0x12, 0xC0, 0x01, 0xC1, 
		0x2B, 0x00, 0x04, 0xC0, 0x1B, 0x00, 0x25, 0xC0, 0x01, 0xE5, 0x0F, 0x00, 
		0x01, 0xC1, 0x01, 0xC0, 0x01, 0xC1, 0x17, 0x00, 0x01, 0xC1, 0x01, 0x9C, 
		0x01, 0xC0, 0x77, 0x00, 0x01, 0xE5, 0x01, 0xC1, 0x0A, 0xC0, 0x01, 0xC1, 
		0x01, 0xE5, 0x82, 0x00, 0x02, 0xC0, 0x19, 0x00, 0x02, 0xC0, 0x01, 0xE5, 
		0xFF, 0x00, 0x06, 0x00, 0x02, 0xC0, 0x01, 0xC1, 0x19, 0x00, 0x01, 0xE5, 
		0x02, 0xC0, 0x1F, 0x00, 0x04, 0xE5, 0xE1, 0x00, 0x01, 0xC1, 0x02, 0xC0, 
		0x1B, 0x00, 0x02, 0xC0, 0x01, 0xC1, 0x1C, 0x00, 0x01, 0xE5, 0x02, 0xC1, 
		0x03, 0xC0, 0x01, 0xC1, 0x02, 0xE5, 0xDE, 0x00, 0x02, 0xC0, 0x01, 0xC1, 
		0x1C, 0x00, 0x01, 0xC0, 0x01, 0x9C, 0x01, 0xE5, 0x19, 0x00, 0x06, 0xC1, 
		0x01, 0xC0, 0x02, 0xC1, 0x02, 0xC0, 0x01, 0xC1, 0xDC, 0x00, 0x02, 0xC0, 
		0x01, 0xC1, 0x1D, 0x00, 0x03, 0xC0, 0x18, 0x00, 0x01, 0xE5, 0x01, 0xC1, 
		0x01, 0xC0, 0x01, 0xC1, 0x01, 0xC0, 0x07, 0xC1, 0x01, 0xC0, 0x01, 0xE5, 
		0x03, 0x00, 0x03, 0xE5, 0xD4, 0x00, 0x01, 0xC1, 0x02, 0xC0, 0x1F, 0x00, 
		0x02, 0xC0, 0x01, 0xC1, 0x16, 0x00, 0x01, 0xE5, 0x02, 0xC0, 0x01, 0xC1, 
		0x01, 0xC0, 0x02, 0xC1, 0x01, 0xC0, 0x01, 0xC1, 0x01, 0xC0, 0x03, 0xC1, 
		0x01, 0xC0, 0x08, 0xC1, 0x01, 0xE5, 0xD2, 0x00, 0x02, 0xC0, 0x01, 0xC1, 
		0x20, 0x00, 0x02, 0xC0, 0x01, 0xC1, 0x14, 0x00, 0x01, 0xE5, 0x01, 0xC1, 
		0x03, 0xC0, 0x03, 0xC1, 0x02, 0xC0, 0x02, 0xC1, 0x01, 0xC0, 0x01, 0xC1, 
		0x01, 0xC0, 0x01, 0xC1, 0x05, 0xC0, 0x01, 0xC1, 0x01, 0xC0, 0x01, 0xC1, 
		0x01, 0xE5, 0xD0, 0x00, 0x02, 0xC0, 0x01, 0xC1, 0x21, 0x00, 0x01, 0xE5, 
		0x02, 0xC0, 0x14, 0x00, 0x02, 0xC1, 0x03, 0xC0, 0x09, 0xC1, 0x02, 0xC0, 
		0x03, 0xC1, 0x05, 0xC0, 0x01, 0xE5, 0xCF, 0x00, 0x03, 0xC0, 0x23, 0x00, 
		0x03, 0xC0, 0x12, 0x00, 0x01, 0xC1, 0x01, 0xC0, 0x08, 0xC1, 0x02, 0xC0, 
		0x01, 0xC1, 0x02, 0xC0, 0x02, 0xC1, 0x01, 0xC0, 0x05, 0xC1, 0x03, 0xC0, 
		0x02, 0xE5, 0xCC, 0x00, 0x01, 0xC1, 0x02, 0xC0, 0x25, 0x00, 0x03, 0xC0, 
		0x0D, 0x00, 0x04, 0xE5, 0x01, 0xC1, 0x02, 0xC0, 0x03, 0xC1, 0x03, 0xC0, 
		0x02, 0xC1, 0x01, 0xC0, 0x02, 0xC1, 0x01, 0xC0, 0x02, 0xC1, 0x04, 0xC0, 
		0x04, 0xC1, 0x02, 0xC0, 0x02, 0xC1, 0x01, 0xE5, 0xC9, 0x00, 0x01, 0xE5, 
		0x02, 0xC0, 0x01, 0xE5, 0x26, 0x00, 0x02, 0xC0, 0x01, 0xE5, 0x0A, 0x00, 
		0x02, 0xE5, 0x01, 0xC1, 0x03, 0xC0, 0x02, 0xC1, 0x02, 0xC0, 0x02, 0xC1, 
		0x01, 0xC0, 0x02, 0xC1, 0x01, 0xC0, 0x03, 0xC1, 0x01, 0xC0, 0x01, 0xC1, 
		0x03, 0xC0, 0x03, 0xC1, 0x03, 0xC0, 0x03, 0xC1, 0x02, 0xC0, 0x02, 0xC1, 
		0xC8, 0x00, 0x03, 0xC0, 0x28, 0x00, 0x02, 0xC0, 0x01, 0xC1, 0x08, 0x00, 
		0x01, 0xC1, 0x01, 0xC0, 0x02, 0xC1, 0x03, 0xC0, 0x05, 0xC1, 0x05, 0xC0, 
		0x01, 0xC1, 0x01, 0xC0, 0x02, 0xC1, 0x02, 0xC0, 0x03, 0xC1, 0x01, 0xC0, 
		0x01, 0xC1, 0x01, 0xC0, 0x03, 0xC1, 0x02, 0xC0, 0x05, 0xC1, 0xAA, 0x00, 
		0x01, 0xC1, 0x01, 0xC0, 0x1A, 0x00, 0x02, 0xC0, 0x01, 0xC1, 0x29, 0x00, 
		0x01, 0xE5, 0x02, 0xC0, 0x01, 0xC1, 0x06, 0x00, 0x01, 0xE5, 0x01, 0xC0, 
		0x03, 0xC1, 0x02, 0xC0, 0x07, 0xC1, 0x01, 0xC0, 0x02, 0xC1, 0x01, 0xC0, 
		0x03, 0xC1, 0x01, 0xC0, 0x04, 0xC1, 0x02, 0xC0, 0x01, 0xC1, 0x01, 0xC0, 
		0x02, 0xC1, 0x01, 0xC0, 0x01, 0xC1, 0x03, 0xC0, 0x01, 0xC1, 0x02, 0xC0, 
		0x01, 0xE5, 0xA8, 0x00, 0x01, 0xE5, 0x02, 0xC0, 0x01, 0xE5, 0x18, 0x00, 
		0x03, 0xC0, 0x2B, 0x00, 0x01, 0xC1, 0x02, 0xC0, 0x01, 0xC1, 0x04, 0x00, 
		0x01, 0xE5, 0x02, 0xC0, 0x02, 0xC1, 0x02, 0xC0, 0x01, 0xC1, 0x03, 0xC0, 
		0x04, 0xC1, 0x01, 0xC0, 0x02, 0xC1, 0x01, 0xC0, 0x01, 0xC1, 0x02, 0xC0, 
		0x01, 0xC1, 0x01, 0xC0, 0x01, 0xC1, 0x02, 0xC0, 0x04, 0xC1, 0x01, 0xC0, 
		0x0A, 0xC1, 0x01, 0xE5, 0xA7, 0x00, 0x04, 0xC0, 0x17, 0x00, 0x03, 0xC0, 
		0x2D, 0x00, 0x01, 0xC1, 0x02, 0xC0, 0x04, 0x00, 0x01, 0xC1, 0x01, 0xC0, 
		0x02, 0xC1, 0x02, 0xC0, 0x02, 0xC1, 0x05, 0xC0, 0x04, 0xC1, 0x01, 0xC0, 
		0x03, 0xC1, 0x01, 0xC0, 0x05, 0xC1, 0x01, 0xC0, 0x02, 0xC1, 0x01, 0xC0, 
		0x02, 0xC1, 0x01, 0xC0, 0x02, 0xC1, 0x01, 0xC0, 0x02, 0xC1, 0x01, 0xC0, 
		0x01, 0xC1, 0x01, 0xC0, 0x01, 0xE5, 0xA6, 0x00, 0x02, 0xC0, 0x01, 0xC1, 
		0x02, 0xC0, 0x16, 0x00, 0x03, 0xC0, 0x2F, 0x00, 0x01, 0xC1, 0x01, 0xC0, 
		0x04, 0x00, 0x01, 0xC0, 0x02, 0xC1, 0x02, 0xC0, 0x05, 0xC1, 0x03, 0xC0, 
		0x04, 0xC1, 0x01, 0xC0, 0x01, 0xC1, 0x02, 0xC0, 0x01, 0xC1, 0x03, 0xC0, 
		0x01, 0xC1, 0x01, 0xC0, 0x02, 0xC1, 0x01, 0xC0, 0x01, 0xC1, 0x01, 0xC0, 
		0x04, 0xC1, 0x02, 0xC0, 0x01, 0xC1, 0x01, 0xC0, 0x01, 0xC1, 0x02, 0xC0, 
		0x01, 0xE5, 0xA5, 0x00, 0x01, 0xC0, 0x02, 0xC1, 0x02, 0xC0, 0x15, 0x00, 
		0x03, 0xC0, 0x31, 0x00, 0x01, 0xE5, 0x04, 0x00, 0x02, 0xC1, 0x02, 0xC0, 
		0x07, 0xC1, 0x03, 0xC0, 0x03, 0xC1, 0x03, 0xC0, 0x01, 0xC1, 0x02, 0xC0, 
		0x01, 0xC1, 0x01, 0xC0, 0x02, 0xC1, 0x01, 0xC0, 0x03, 0xC1, 0x01, 0xC0, 
		0x09, 0xC1, 0x02, 0xC0, 0x01, 0xC1, 0xA4, 0x00, 0x03, 0xC0, 0x02, 0xC1, 
		0x01, 0xC0, 0x14, 0x00, 0x03, 0xC0, 0x36, 0x00, 0x01, 0xE5, 0x01, 0xC1, 
		0x02, 0xC0, 0x08, 0xC1, 0x04, 0xC0, 0x05, 0xC1, 0x01, 0xC0, 0x04, 0xC1, 
		0x01, 0xC0, 0x03, 0xC1, 0x02, 0xC0, 0x04, 0xC1, 0x01, 0xC0, 0x03, 0xC1, 
		0x01, 0xC0, 0x01, 0xC1, 0x02, 0xC0, 0x01, 0xC1, 0xA4, 0x00, 0x01, 0xC0, 
		0x01, 0xC1, 0x01, 0xC0, 0x02, 0xC1, 0x01, 0xC0, 0x13, 0x00, 0x03, 0xC0, 
		0x38, 0x00, 0x02, 0xC0, 0x0A, 0xC1, 0x02, 0xC0, 0x01, 0xC1, 0x01, 0xC0, 
		0x06, 0xC1, 0x02, 0xC0, 0x04, 0xC1, 0x01, 0xC0, 0x05, 0xC1, 0x02, 0xC0, 
		0x02, 0xC1, 0x01, 0xC0, 0x03, 0xC1, 0x01, 0xC0, 0x01, 0xC1, 0xA4, 0x00, 
		0x02, 0xC0, 0x02, 0xC1, 0x01, 0xC0, 0x01, 0xC1, 0x01, 0xE5, 0x11, 0x00, 
		0x03, 0xC0, 0x39, 0x00, 0x0A, 0xC1, 0x04, 0xC0, 0x03, 0xC1, 0x01, 0xC0, 
		0x06, 0xC1, 0x02, 0xC0, 0x01, 0xC1, 0x01, 0xC0, 0x07, 0xC1, 0x01, 0xC0, 
		0x04, 0xC1, 0x01, 0xC0, 0x03, 0xC1, 0x01, 0xE4, 0xA2, 0x00, 0x01, 0xC0, 
		0x01, 0xC1, 0x01, 0xC0, 0x01, 0xC1, 0x01, 0xC0, 0x01, 0xE5, 0x01, 0xC1, 
		0x01, 0xE5, 0x0F, 0x00, 0x01, 0xE5, 0x03, 0xC0, 0x3A, 0x00, 0x01, 0xC0, 
		0x07, 0xC1, 0x01, 0x9D, 0x07, 0xC1, 0x01, 0xC0, 0x01, 0xC1, 0x02, 0xC0, 
		0x06, 0xC1, 0x01, 0xC0, 0x01, 0xC1, 0x01, 0xC0, 0x03, 0xC1, 0x01, 0xC0, 
		0x03, 0xC1, 0x01, 0xC0, 0x03, 0xC1, 0x01, 0xC0, 0x03, 0xC1, 0x01, 0xE4, 
		0xA2, 0x00, 0x03, 0xC0, 0x01, 0xC1, 0x01, 0xC0, 0x01, 0xC1, 0x01, 0xC0, 
		0x01, 0xE5, 0x0E, 0x00, 0x01, 0xC1, 0x02, 0xC0, 0x01, 0xC1, 0x3B, 0x00, 
		0x0B, 0xC1, 0x02, 0xC0, 0x01, 0xC1, 0x03, 0xC0, 0x03, 0xC1, 0x01, 0xC0, 
		0x08, 0xC1, 0x03, 0xC0, 0x04, 0xC1, 0x01, 0xC0, 0x03, 0xC1, 0x01, 0xC0, 
		0x03, 0xC1, 0x01, 0xE5, 0xA2, 0x00, 0x02, 0xC0, 0x01, 0xC1, 0x01, 0xE5, 
		0x01, 0xC0, 0x01, 0xC1, 0x01, 0xC0, 0x0E, 0x00, 0x03, 0xC0, 0x01, 0xC1, 
		0x3C, 0x00, 0x0B, 0xC1, 0x02, 0xC0, 0x02, 0xC1, 0x01, 0xC0, 0x06, 0xC1, 
		0x02, 0xC0, 0x03, 0xC1, 0x01, 0xC0, 0x0A, 0xC1, 0x02, 0xC0, 0x01, 0xC1, 
		0x02, 0xC0, 0x01, 0xC1, 0x01, 0xE5, 0xA1, 0x00, 0x01, 0xE5, 0x02, 0xC0, 
		0x01, 0xE5, 0x01, 0xE4, 0x01, 0xC0, 0x01, 0xC1, 0x01, 0xC0, 0x0D, 0x00, 
		0x03, 0xC0, 0x01, 0xE5, 0x3D, 0x00, 0x14, 0xC1, 0x01, 0xC0, 0x02, 0xC1, 
		0x01, 0xC0, 0x02, 0xC1, 0x01, 0xC0, 0x02, 0xC1, 0x01, 0xC0, 0x01, 0xC1, 
		0x02, 0xC0, 0x01, 0xC1, 0x02, 0xC0, 0x01, 0xC1, 0x01, 0xC0, 0x03, 0xC1, 
		0x02, 0xC0, 0x01, 0xC1, 0x01, 0xE5, 0x95, 0x00, 0x01, 0xE4, 0x0B, 0x00, 
		0x03, 0xC0, 0x01, 0xE5, 0x01, 0xE4, 0x01, 0xC0, 0x01, 0xC1, 0x01, 0xC0, 
		0x0C, 0x00, 0x03, 0xC0, 0x01, 0xE5, 0x3E, 0x00, 0x0E, 0xC1, 0x02, 0xC0, 
		0x01, 0xC1, 0x01, 0xC0, 0x02, 0xC1, 0x03, 0xC0, 0x01, 0xC1, 0x02, 0xC0, 
		0x03, 0xC1, 0x01, 0xC0, 0x02, 0xC1, 0x02, 0xC0, 0x02, 0xC1, 0x01, 0xC0, 
		0x01, 0xC1, 0x01, 0xC0, 0x02, 0xC1, 0x02, 0xC0, 0x01, 0xC1, 0x95, 0x00, 
		0x01, 0xE4, 0x01, 0xC1, 0x01, 0xC0, 0x0A, 0x00, 0x03, 0xC0, 0x01, 0xE5, 
		0x01, 0xE4, 0x01, 0xC0, 0x01, 0xC1, 0x01, 0xC0, 0x0A, 0x00, 0x01, 0xC1, 
		0x03, 0xC0, 0x3F, 0x00, 0x01, 0xE5, 0x0E, 0xC1, 0x02, 0xC0, 0x01, 0xC1, 
		0x01, 0xC0, 0x04, 0xC1, 0x02, 0xC0, 0x03, 0xC1, 0x01, 0xC0, 0x02, 0xC1, 
		0x01, 0xC0, 0x01, 0xC1, 0x01, 0xC0, 0x05, 0xC1, 0x01, 0xC0, 0x02, 0xC1, 
		0x02, 0xC0, 0x01, 0xC1, 0x95, 0x00, 0x01, 0xE4, 0x01, 0xC0, 0x01, 0xC1, 
		0x01, 0xC0, 0x09, 0x00, 0x03, 0xC0, 0x01, 0xDE, 0x01, 0xE5, 0x01, 0xC0, 
		0x01, 0xC1, 0x01, 0xC0, 0x09, 0x00, 0x01, 0xC1, 0x03, 0xC0, 0x40, 0x00, 
		0x0E, 0xC1, 0x01, 0xE5, 0x04, 0xC1, 0x03, 0xC0, 0x01, 0xC1, 0x01, 0xC0, 
		0x02, 0xC1, 0x02, 0xC0, 0x01, 0xC1, 0x03, 0xC0, 0x03, 0xC1, 0x01, 0xC0, 
		0x01, 0xC1, 0x01, 0xC0, 0x01, 0xC1, 0x02, 0xC0, 0x01, 0xC1, 0x02, 0xC0, 
		0x01, 0xC1, 0x95, 0x00, 0x01, 0xE5, 0x02, 0xC1, 0x02, 0xC0, 0x08, 0x00, 
		0x03, 0xC0, 0x01, 0xDE, 0x01, 0xE5, 0x01, 0xC0, 0x01, 0xC1, 0x01, 0xC0, 
		0x07, 0x00, 0x01, 0xE5, 0x03, 0xC0, 0x01, 0xC1, 0x40, 0x00, 0x04, 0xC1, 
		0x01, 0x9D, 0x0C, 0xC1, 0x01, 0xC0, 0x08, 0xC1, 0x02, 0xC0, 0x02, 0xC1, 
		0x02, 0xC0, 0x04, 0xC1, 0x06, 0xC0, 0x01, 0xE4, 0x03, 0xC1, 0x95, 0x00, 
		0x01, 0xC0, 0x01, 0xE4, 0x02, 0xC1, 0x01, 0xC0, 0x01, 0xE4, 0x07, 0x00, 
		0x01, 0xE5, 0x01, 0xC0, 0x01, 0xC1, 0x01, 0xD8, 0x03, 0xC0, 0x07, 0x00, 
		0x04, 0xC0, 0x45, 0x00, 0x0E, 0xC1, 0x08, 0xC0, 0x05, 0xC1, 0x02, 0xC0, 
		0x07, 0xC1, 0x01, 0xC0, 0x02, 0xC1, 0x01, 0xC0, 0x01, 0xC1, 0x01, 0xC0, 
		0x01, 0xE5, 0x95, 0x00, 0x01, 0xC1, 0x02, 0xC0, 0x01, 0xC1, 0x01, 0xE4, 
		0x01, 0xC0, 0x08, 0x00, 0x01, 0xC0, 0x01, 0xE4, 0x01, 0xD8, 0x01, 0xC1, 
		0x01, 0xC0, 0x01, 0xE5, 0x05, 0x00, 0x01, 0xE5, 0x03, 0xC0, 0x01, 0xC1, 
		0x46, 0x00, 0x0E, 0xC1, 0x06, 0xC0, 0x01, 0xC1, 0x02, 0xC0, 0x06, 0xC1, 
		0x01, 0xC0, 0x01, 0xC1, 0x02, 0xC0, 0x07, 0xC1, 0x02, 0xC0, 0x01, 0xE5, 
		0x95, 0x00, 0x01, 0xE5, 0x01, 0xC0, 0x01, 0xE4, 0x01, 0xC1, 0x01, 0xE4, 
		0x02, 0xC0, 0x08, 0x00, 0x01, 0xE4, 0x01, 0xDE, 0x01, 0xC0, 0x01, 0xE5, 
		0x05, 0x00, 0x04, 0xC0, 0x01, 0xE5, 0x47, 0x00, 0x0C, 0xC1, 0x01, 0xC0, 
		0x08, 0xC1, 0x02, 0xC0, 0x06, 0xC1, 0x04, 0xC0, 0x04, 0xC1, 0x02, 0xC0, 
		0x01, 0xC1, 0x01, 0xC0, 0x01, 0xC1, 0x97, 0x00, 0x02, 0xC0, 0x02, 0xE5, 
		0x02, 0xC0, 0x08, 0x00, 0x02, 0xDF, 0x05, 0x00, 0x01, 0xC1, 0x03, 0xC0, 
		0x01, 0xC1, 0x48, 0x00, 0x0D, 0xC1, 0x03, 0xC0, 0x08, 0xC1, 0x04, 0xC0, 
		0x02, 0xC1, 0x03, 0xC0, 0x03, 0xC1, 0x06, 0xC0, 0x01, 0xE5, 0x97, 0x00, 
		0x02, 0xC0, 0x02, 0xE5, 0x01, 0xC1, 0x01, 0xC0, 0x08, 0x00, 0x01, 0xD8, 
		0x01, 0xE0, 0x04, 0x00, 0x01, 0xC0, 0x01, 0x9C, 0x02, 0xC0, 0x49, 0x00, 
		0x01, 0xE5, 0x01, 0x9D, 0x0F, 0xC1, 0x06, 0xC0, 0x01, 0xC1, 0x01, 0xE5, 
		0x01, 0xC1, 0x03, 0xC0, 0x02, 0xC1, 0x02, 0xC0, 0x02, 0xC1, 0x06, 0xC0, 
		0x01, 0xC1, 0x01, 0xE5, 0x98, 0x00, 0x01, 0xC1, 0x01, 0xC0, 0x01, 0xC1, 
		0x01, 0xE4, 0x01, 0xC1, 0x01, 0xC0, 0x08, 0x00, 0x01, 0xD9, 0x03, 0x00, 
		0x01, 0xC1, 0x03, 0xC0, 0x01, 0xC1, 0x4A, 0x00, 0x0F, 0xC1, 0x01, 0xC0, 
		0x01, 0xC1, 0x03, 0xE5, 0x03, 0xC0, 0x03, 0xC1, 0x02, 0xC0, 0x08, 0xC1, 
		0x01, 0xC0, 0x03, 0xC1, 0x02, 0xE5, 0x9A, 0x00, 0x02, 0xC0, 0x01, 0xE4, 
		0x01, 0xE5, 0x01, 0xC0, 0x08, 0x00, 0x01, 0xD3, 0x02, 0x00, 0x01, 0xE5, 
		0x02, 0xC0, 0x01, 0xC1, 0x4B, 0x00, 0x0F, 0xC1, 0x01, 0xC0, 0x01, 0xC1, 
		0x01, 0xE5, 0x02, 0xE6, 0x02, 0xE5, 0x01, 0xC1, 0x02, 0xC0, 0x02, 0xC1, 
		0x02, 0xC0, 0x01, 0xC1, 0x03, 0xE5, 0x03, 0xC1, 0x02, 0xC0, 0x02, 0xC1, 
		0x01, 0xE5, 0x9C, 0x00, 0x02, 0xC0, 0x01, 0xE5, 0x01, 0xE4, 0x01, 0xC0, 
		0x07, 0x00, 0x01, 0xE5, 0x01, 0xD8, 0x03, 0x00, 0x01, 0xC1, 0x4D, 0x00, 
		0x10, 0xC1, 0x03, 0xE6, 0x01, 0xE5, 0x02, 0xE6, 0x01, 0xE5, 0x01, 0xE4, 
		0x01, 0xC1, 0x01, 0xE5, 0x01, 0xC1, 0x02, 0x00, 0x04, 0xE6, 0xA5, 0x00, 
		0x01, 0xE5, 0x01, 0xE4, 0x01, 0xE5, 0x08, 0x00, 0x01, 0x99, 0x51, 0x00, 
		0x12, 0xC1, 0x01, 0xE6, 0x01, 0xE5, 0x03, 0xE6, 0x02, 0xD8, 0x05, 0x00, 
		0x04, 0xE6, 0xA8, 0x00, 0x01, 0xDF, 0x06, 0x00, 0x02, 0xD8, 0x50, 0x00, 
		0x01, 0xE5, 0x12, 0xC1, 0x05, 0xE6, 0x02, 0xD8, 0x06, 0x00, 0x01, 0xE5, 
		0x01, 0xE6, 0xAA, 0x00, 0x01, 0xDF, 0x01, 0xE0, 0x03, 0x00, 0x01, 0xD3, 
		0x01, 0xD9, 0x51, 0x00, 0x10, 0xC1, 0x01, 0xC0, 0x03, 0xC1, 0x04, 0xE6, 
		0x02, 0xD8, 0x04, 0x00, 0x01, 0xE6, 0x01, 0xDF, 0xAE, 0x00, 0x01, 0xE6, 
		0x01, 0xD7, 0x01, 0xD2, 0x01, 0xE6, 0x51, 0x00, 0x16, 0xC1, 0x03, 0xE6, 
		0x02, 0xD8, 0x01, 0x00, 0x01, 0xE6, 0x02, 0xDF, 0x07, 0x00, 0x02, 0xE5, 
		0xA8, 0x00, 0x01, 0xD9, 0x01, 0xE0, 0x52, 0x00, 0x16, 0xC1, 0x03, 0xE6, 
		0x02, 0xD8, 0x0A, 0x00, 0x01, 0xE5, 0x03, 0xC0, 0x01, 0xE5, 0x9F, 0x00, 
		0x02, 0xC0, 0x05, 0x00, 0x01, 0xD3, 0x01, 0xE6, 0x51, 0x00, 0x18, 0xC1, 
		0x02, 0xE6, 0x02, 0xD8, 0x0B, 0x00, 0x01, 0xC1, 0x04, 0xC0, 0x01, 0xC1, 
		0x9A, 0x00, 0x01, 0xE5, 0x02, 0xC0, 0x01, 0x9C, 0x01, 0xC0, 0x05, 0x00, 
		0x01, 0xD8, 0x01, 0xDF, 0x56, 0x00, 0x01, 0xC0, 0x0D, 0xC1, 0x07, 0xE6, 
		0x02, 0xD8, 0x0D, 0x00, 0x01, 0xE5, 0x05, 0xC0, 0x01, 0xE5, 0x95, 0x00, 
		0x01, 0xE5, 0x04, 0xC0, 0x01, 0xC1, 0x06, 0x00, 0x01, 0xD4, 0x01, 0xE5, 
		0x56, 0x00, 0x0E, 0xC1, 0x07, 0xE6, 0x02, 0xD8, 0x10, 0x00, 0x05, 0xC0, 
		0x01, 0xC1, 0x90, 0x00, 0x01, 0xC1, 0x05, 0xC0, 0x01, 0xC1, 0x08, 0x00, 
		0x01, 0xCD, 0x01, 0xDF, 0x55, 0x00, 0x01, 0xE5, 0x0E, 0xC1, 0x01, 0xE5, 
		0x06, 0xE6, 0x02, 0xD8, 0x12, 0x00, 0x01, 0xC1, 0x05, 0xC0, 0x01, 0xC1, 
		0x8A, 0x00, 0x01, 0xE5, 0x06, 0xC0, 0x0B, 0x00, 0x01, 0xD3, 0x01, 0xDF, 
		0x55, 0x00, 0x10, 0xC1, 0x03, 0xE6, 0x01, 0xE5, 0x02, 0xE6, 0x02, 0xD8, 
		0x15, 0x00, 0x01, 0xC1, 0x05, 0xC0, 0x01, 0xC1, 0x84, 0x00, 0x01, 0xE5, 
		0x01, 0xC1, 0x05, 0xC0, 0x01, 0xC1, 0x0D, 0x00, 0x01, 0xD2, 0x01, 0xDF, 
		0x54, 0x00, 0x12, 0xC1, 0x05, 0xE6, 0x02, 0xD8, 0x18, 0x00, 0x06, 0xC0, 
		0x01, 0xC1, 0x2D, 0x00, 0x02, 0xE5, 0x23, 0xDF, 0x01, 0xE6, 0x2B, 0x00, 
		0x01, 0xE5, 0x06, 0xC0, 0x01, 0xE5, 0x10, 0x00, 0x01, 0xD2, 0x01, 0xDF, 
		0x53, 0x00, 0x0F, 0xC1, 0x01, 0xC0, 0x03, 0xC1, 0x01, 0xE5, 0x04, 0xE6, 
		0x02, 0xD8, 0x1A, 0x00, 0x01, 0xE5, 0x07, 0xC0, 0x01, 0xE5, 0x27, 0x00, 
		0x01, 0xDF, 0x01, 0xD8, 0x01, 0xD9, 0x24, 0xD8, 0x01, 0xD7, 0x01, 0xD9, 
		0x01, 0xE6, 0x26, 0x00, 0x01, 0xC1, 0x06, 0xC0, 0x01, 0xC1, 0x13, 0x00, 
		0x01, 0xD3, 0x01, 0xDE, 0x53, 0x00, 0x14, 0xC1, 0x04, 0xE6, 0x02, 0xD8, 
		0x1E, 0x00, 0x01, 0xC1, 0x06, 0xC0, 0x01, 0xC1, 0x23, 0x00, 0x01, 0xDE, 
		0x29, 0xD8, 0x01, 0xD2, 0x01, 0xE6, 0x21, 0x00, 0x01, 0xE5, 0x07, 0xC0, 
		0x01, 0xC1, 0x16, 0x00, 0x01, 0xD9, 0x01, 0xD8, 0x52, 0x00, 0x11, 0xC1, 
		0x01, 0xC0, 0x04, 0xC1, 0x03, 0xE6, 0x02, 0xD8, 0x21, 0x00, 0x01, 0xE5, 
		0x07, 0xC0, 0x01, 0xC1, 0x1E, 0x00, 0x01, 0xDF, 0x2B, 0xD8, 0x01, 0xD9, 
		0x1D, 0x00, 0x01, 0xE5, 0x01, 0xC1, 0x06, 0xC0, 0x01, 0xC1, 0x01, 0xE5, 
		0x18, 0x00, 0x01, 0xE6, 0x01, 0xD9, 0x01, 0xD8, 0x51, 0x00, 0x18, 0xC1, 
		0x01, 0xE5, 0x01, 0xE6, 0x02, 0xD8, 0x24, 0x00, 0x01, 0xE5, 0x08, 0xC0, 
		0x01, 0xC1, 0x1A, 0x00, 0x01, 0xD7, 0x2B, 0xD8, 0x01, 0xD9, 0x01, 0xE6, 
		0x18, 0x00, 0x01, 0xE5, 0x08, 0xC0, 0x01, 0xC1, 0x1C, 0x00, 0x01, 0xE6, 
		0x01, 0xD3, 0x01, 0xD8, 0x50, 0x00, 0x01, 0xE5, 0x0C, 0xC1, 0x01, 0x9D, 
		0x0B, 0xC1, 0x02, 0xE6, 0x02, 0xD8, 0x28, 0x00, 0x01, 0xE5, 0x01, 0xC1, 
		0x08, 0xC0, 0x01, 0xE5, 0x15, 0x00, 0x2D, 0xD8, 0x01, 0xDF, 0x13, 0x00, 
		0x01, 0xE5, 0x01, 0xC1, 0x08, 0xC0, 0x01, 0xC1, 0x21, 0x00, 0x02, 0xE5, 
		0x50, 0x00, 0x07, 0xC1, 0x01, 0x9D, 0x06, 0xC1, 0x01, 0xC0, 0x0B, 0xC1, 
		0x01, 0xE6, 0x02, 0xD8, 0x2C, 0x00, 0x01, 0xE5, 0x01, 0xC1, 0x09, 0xC0, 
		0x01, 0xC1, 0x01, 0xE5, 0x0F, 0x00, 0x2D, 0xD8, 0x01, 0xDE, 0x0E, 0x00, 
		0x01, 0xE5, 0x01, 0xC1, 0x09, 0xC0, 0x01, 0xC1, 0x76, 0x00, 0x0B, 0xC1, 
		0x01, 0x9D, 0x03, 0xC1, 0x01, 0x9D, 0x0C, 0xC1, 0x01, 0xDE, 0x01, 0xD8, 
		0x31, 0x00, 0x01, 0xE5, 0x01, 0xC1, 0x0A, 0xC0, 0x01, 0xC1, 0x01, 0xE5, 
		0x09, 0x00, 0x01, 0xD9, 0x2C, 0xD8, 0x01, 0xDE, 0x08, 0x00, 0x01, 0xC1, 
		0x0B, 0xC0, 0x02, 0xE5, 0x79, 0x00, 0x01, 0xE5, 0x18, 0xC1, 0x02, 0x9D, 
		0x02, 0xC1, 0x01, 0xE5, 0x01, 0xD8, 0x36, 0x00, 0x01, 0xE5, 0x01, 0xC1, 
		0x0B, 0xC0, 0x05, 0x00, 0x2C, 0xD8, 0x01, 0xD9, 0x01, 0xDF, 0x03, 0x00, 
		0x01, 0xC1, 0x0B, 0xC0, 0x01, 0xC1, 0x7F, 0x00, 0x1E, 0xC1, 0x01, 0xDF, 
		0x3C, 0x00, 0x01, 0xE5, 0x01, 0xC1, 0x05, 0xC0, 0x01, 0xE5, 0x04, 0x00, 
		0x01, 0xDE, 0x2C, 0xD8, 0x04, 0x00, 0x05, 0xC0, 0x02, 0xC1, 0x84, 0x00, 
		0x02, 0xC1, 0x01, 0x9D, 0x1C, 0xC1, 0x01, 0xDE, 0x49, 0x00, 0x01, 0xD1, 
		0x01, 0xDE, 0x06, 0xD8, 0x01, 0xDE, 0x22, 0xD8, 0x01, 0xDE, 0x04, 0x00, 
		0x01, 0xE5, 0x99, 0x00, 0x02, 0xDF, 0x0C, 0x00, 0x01, 0xE6, 0x01, 0xDF, 
		0x01, 0xD8, 0x49, 0x00, 0x01, 0xE6, 0x01, 0xD9, 0x27, 0xD8, 0x02, 0xD9, 
		0x9F, 0x00, 0x01, 0xD9, 0x01, 0xD3, 0x0D, 0x00, 0x02, 0xDF, 0x4B, 0x00, 
		0x01, 0xDF, 0x26, 0xD8, 0x01, 0xDF, 0xA0, 0x00, 0x01, 0xD9, 0x01, 0xD3, 
		0x53, 0x00, 0x01, 0xE6, 0x01, 0xDF, 0x01, 0xD8, 0x02, 0xDE, 0x02, 0xDF, 
		0x01, 0xDE, 0x26, 0xD8, 0x06, 0xE6, 0x9B, 0x00, 0x01, 0xD9, 0x01, 0xD8, 
		0x52, 0x00, 0x01, 0xDF, 0x2E, 0xD8, 0x01, 0xD9, 0x06, 0xD8, 0x01, 0xD9, 
		0x99, 0x00, 0x02, 0xD9, 0x51, 0x00, 0x05, 0xD8, 0x01, 0xDE, 0x32, 0xD8, 
		0x01, 0xD9, 0xEA, 0x00, 0x01, 0xD9, 0x39, 0xD8, 0x01, 0xD9, 0xE8, 0x00, 
		0x01, 0xE6, 0x3B, 0xD8, 0xE8, 0x00, 0x01, 0xDF, 0x3B, 0xD8, 0xE8, 0x00, 
		0x01, 0xDE, 0x3B, 0xD8, 0x01, 0xE5, 0xE7, 0x00, 0x3C, 0xD8, 0x01, 0xE5, 
		0xE7, 0x00, 0x01, 0xDF, 0x3A, 0xD8, 0x01, 0xD9, 0xE9, 0x00, 0x08, 0xD8, 
		0x01, 0xDE, 0x31, 0xD8, 0x01, 0xD9, 0xE9, 0x00, 0x01, 0xDE, 0x38, 0xD8, 
		0x02, 0xD9, 0xEA, 0x00, 0x38, 0xD8, 0x01, 0xD7, 0x01, 0xE6, 0xEB, 0x00, 
		0x01, 0xDF, 0x01, 0xD8, 0x02, 0xD9, 0x07, 0xD8, 0x01, 0xD9, 0x28, 0xD8, 
		0x02, 0xD9, 0x01, 0xD2, 0x01, 0xE6, 0xFD, 0x00, 0x03, 0xE5, 0x01, 0x00, 
		0x01, 0xE5, 0x01, 0xE6, 0x1D, 0xE5, 0xFF, 0x00, 0xFF, 0x00, 0xFF, 0x00, 
		0xFF, 0x00, 0xFF, 0x00, 0xFF, 0x00, 0x33, 0x00, 
	ID(headlight_small), TYPEID_OUTPICT, WORD(80), WORD(200), WORD(200), 
		0, 5, COLOR_WHITE, LONG(1668UL), 0, 
		0xFF, 0xFF, 0xFF, 0xFF, 0xFF, 0xFF, 0x92, 0xFF, 0x01, 0x00, 0x01, 0x03, 
		0x16, 0xFF, 0x01, 0xC0, 0x02, 0x00, 0x15, 0xFF, 0x01, 0xF8, 0x03, 0x00, 
		0x01, 0x3F, 0x14, 0xFF, 0x01, 0x80, 0x03, 0x00, 0x01, 0x1F, 0x13, 0xFF, 
		0x01, 0xFC, 0x04, 0x00, 0x01, 0x0F, 0x13, 0xFF, 0x01, 0xE0, 0x04, 0x00, 
		0x01, 0x07, 0x13, 0xFF, 0x05, 0x00, 0x01, 0x07, 0x12, 0xFF, 0x01, 0xF8, 
		0x05, 0x00, 0x01, 0x03, 0x12, 0xFF, 0x01, 0xE0, 0x03, 0x00, 0x01, 0x7F, 
		0x01, 0xF0, 0x01, 0x01, 0x12, 0xFF, 0x03, 0x00, 0x01, 0x1F, 0x01, 0xFF, 
		0x01, 0xFC, 0x01, 0x01, 0x11, 0xFF, 0x01, 0xFC, 0x02, 0x00, 0x01, 0x03, 
		0x02, 0xFF, 0x01, 0xFC, 0x01, 0x00, 0x11, 0xFF, 0x01, 0xF0, 0x02, 0x00, 
		0x01, 0x1F, 0x02, 0xFF, 0x01, 0xFE, 0x01, 0x00, 0x11, 0xFF, 0x01, 0xC0, 
		0x01, 0x00, 0x01, 0x01, 0x04, 0xFF, 0x01, 0x00, 0x01, 0x7F, 0x01, 0xFC, 
		0x08, 0x00, 0x07, 0xFF, 0x02, 0x00, 0x01, 0x0F, 0x04, 0xFF, 0x01, 0x00, 
		0x01, 0x7F, 0x01, 0xFC, 0x08, 0x00, 0x06, 0xFF, 0x01, 0xFC, 0x02, 0x00, 
		0x01, 0x3F, 0x04, 0xFF, 0x01, 0x80, 0x01, 0x3F, 0x01, 0xFC, 0x08, 0x00, 
		0x06, 0xFF, 0x01, 0xF8, 0x01, 0x00, 0x01, 0x01, 0x05, 0xFF, 0x01, 0x80, 
		0x01, 0x3F, 0x01, 0xFE, 0x08, 0x00, 0x06, 0xFF, 0x01, 0xE0, 0x01, 0x00, 
		0x01, 0x07, 0x05, 0xFF, 0x01, 0xC0, 0x01, 0x3F, 0x01, 0xFE, 0x08, 0x00, 
		0x06, 0xFF, 0x01, 0x80, 0x01, 0x00, 0x01, 0x3F, 0x05, 0xFF, 0x01, 0xC0, 
		0x01, 0x1F, 0x01, 0xFE, 0x08, 0x00, 0x06, 0xFF, 0x02, 0x00, 0x06, 0xFF, 
		0x01, 0xE0, 0x01, 0x1F, 0x01, 0xFE, 0x08, 0x00, 0x05, 0xFF, 0x01, 0xFC, 
		0x01, 0x00, 0x01, 0x03, 0x06, 0xFF, 0x01, 0xE0, 0x01, 0x1F, 0x01, 0xFF, 
		0x08, 0x00, 0x05, 0xFF, 0x01, 0xF8, 0x01, 0x00, 0x01, 0x0F, 0x06, 0xFF, 
		0x01, 0xE0, 0x01, 0x0F, 0x0E, 0xFF, 0x01, 0xE0, 0x01, 0x00, 0x01, 0x3F, 
		0x06, 0xFF, 0x01, 0xF0, 0x01, 0x0F, 0x0E, 0xFF, 0x01, 0xC0, 0x01, 0x00, 
		0x01, 0x7F, 0x06, 0xFF, 0x01, 0xF0, 0x01, 0x0F, 0x0E, 0xFF, 0x01, 0x00, 
		0x01, 0x01, 0x07, 0xFF, 0x01, 0xF0, 0x01, 0x0F, 0x0D, 0xFF, 0x01, 0xFE, 
		0x01, 0x00, 0x01, 0x07, 0x07, 0xFF, 0x01, 0xF0, 0x01, 0x07, 0x0D, 0xFF, 
		0x01, 0xFC, 0x01, 0x00, 0x01, 0x0F, 0x07, 0xFF, 0x01, 0xF8, 0x01, 0x07, 
		0x0D, 0xFF, 0x01, 0xF8, 0x01, 0x00, 0x01, 0x3F, 0x07, 0xFF, 0x01, 0xF8, 
		0x01, 0x07, 0x0D, 0xFF, 0x01, 0xE0, 0x01, 0x00, 0x08, 0xFF, 0x01, 0xF8, 
		0x01, 0x07, 0x0D, 0xFF, 0x01, 0xC0, 0x01, 0x01, 0x08, 0xFF, 0x01, 0xF8, 
		0x01, 0x07, 0x0D, 0xFF, 0x01, 0x80, 0x01, 0x03, 0x08, 0xFF, 0x01, 0xF8, 
		0x01, 0x03, 0x0D, 0xFF, 0x01, 0x00, 0x01, 0x0F, 0x08, 0xFF, 0x01, 0xFC, 
		0x01, 0x03, 0x0C, 0xFF, 0x01, 0xFE, 0x01, 0x00, 0x01, 0x1F, 0x08, 0xFF, 
		0x01, 0xFC, 0x01, 0x03, 0x0C, 0xFF, 0x01, 0xFC, 0x01, 0x00, 0x01, 0x3F, 
		0x08, 0xFF, 0x01, 0xFC, 0x01, 0x03, 0x0C, 0xFF, 0x01, 0xF8, 0x01, 0x00, 
		0x01, 0x7F, 0x08, 0xFF, 0x01, 0xFC, 0x01, 0x03, 0x0C, 0xFF, 0x01, 0xF0, 
		0x01, 0x00, 0x09, 0xFF, 0x01, 0xFC, 0x01, 0x03, 0x0C, 0xFF, 0x01, 0xE0, 
		0x01, 0x01, 0x09, 0xFF, 0x01, 0xFC, 0x01, 0x03, 0x0C, 0xFF, 0x01, 0xE0, 
		0x01, 0x03, 0x09, 0xFF, 0x01, 0xFC, 0x01, 0x01, 0x01, 0xFF, 0x01, 0xE0, 
		0x07, 0x00, 0x03, 0xFF, 0x01, 0xC0, 0x01, 0x07, 0x09, 0xFF, 0x01, 0xFE, 
		0x01, 0x01, 0x01, 0xFF, 0x01, 0xE0, 0x07, 0x00, 0x03, 0xFF, 0x01, 0x80, 
		0x01, 0x0F, 0x09, 0xFF, 0x01, 0xFE, 0x01, 0x01, 0x01, 0xFF, 0x01, 0xE0, 
		0x07, 0x00, 0x03, 0xFF, 0x01, 0x00, 0x01, 0x1F, 0x09, 0xFF, 0x01, 0xFE, 
		0x01, 0x01, 0x01, 0xFF, 0x01, 0xE0, 0x07, 0x00, 0x03, 0xFF, 0x01, 0x00, 
		0x01, 0x3F, 0x09, 0xFF, 0x01, 0xFE, 0x01, 0x01, 0x01, 0xFF, 0x01, 0xE0, 
		0x07, 0x00, 0x02, 0xFF, 0x01, 0xFE, 0x01, 0x00, 0x01, 0x7F, 0x09, 0xFF, 
		0x01, 0xFE, 0x01, 0x01, 0x01, 0xFF, 0x01, 0xE0, 0x07, 0x00, 0x02, 0xFF, 
		0x01, 0xFC, 0x01, 0x00, 0x0A, 0xFF, 0x01, 0xFE, 0x01, 0x01, 0x01, 0xFF, 
		0x01, 0xE0, 0x07, 0x00, 0x02, 0xFF, 0x01, 0xFC, 0x01, 0x00, 0x0A, 0xFF, 
		0x01, 0xFE, 0x01, 0x01, 0x01, 0xFF, 0x01, 0xE0, 0x07, 0x00, 0x02, 0xFF, 
		0x01, 0xF8, 0x01, 0x01, 0x0A, 0xFF, 0x01, 0xFE, 0x01, 0x01, 0x0B, 0xFF, 
		0x01, 0xF8, 0x01, 0x03, 0x0A, 0xFF, 0x01, 0xFE, 0x01, 0x01, 0x0B, 0xFF, 
		0x01, 0xF0, 0x01, 0x03, 0x0A, 0xFF, 0x01, 0xFE, 0x01, 0x00, 0x0B, 0xFF, 
		0x01, 0xF0, 0x01, 0x07, 0x0B, 0xFF, 0x01, 0x00, 0x0B, 0xFF, 0x01, 0xE0, 
		0x01, 0x0F, 0x0B, 0xFF, 0x01, 0x00, 0x0B, 0xFF, 0x01, 0xE0, 0x01, 0x0F, 
		0x0B, 0xFF, 0x01, 0x00, 0x0B, 0xFF, 0x01, 0xC0, 0x01, 0x1F, 0x0B, 0xFF, 
		0x01, 0x00, 0x0B, 0xFF, 0x01, 0xC0, 0x01, 0x1F, 0x0B, 0xFF, 0x01, 0x00, 
		0x0B, 0xFF, 0x01, 0xC0, 0x01, 0x3F, 0x0B, 0xFF, 0x01, 0x00, 0x0B, 0xFF, 
		0x01, 0x80, 0x01, 0x3F, 0x0B, 0xFF, 0x01, 0x00, 0x0B, 0xFF, 0x01, 0x80, 
		0x01, 0x3F, 0x0B, 0xFF, 0x01, 0x00, 0x0B, 0xFF, 0x01, 0x80, 0x01, 0x7F, 
		0x0B, 0xFF, 0x01, 0x00, 0x0B, 0xFF, 0x01, 0x80, 0x01, 0x7F, 0x0B, 0xFF, 
		0x01, 0x00, 0x0B, 0xFF, 0x01, 0x80, 0x01, 0x7F, 0x0B, 0xFF, 0x01, 0x00, 
		0x0B, 0xFF, 0x01, 0x00, 0x01, 0x7F, 0x0B, 0xFF, 0x01, 0x00, 0x0B, 0xFF, 
		0x01, 0x00, 0x0C, 0xFF, 0x01, 0x00, 0x0B, 0xFF, 0x01, 0x00, 0x0C, 0xFF, 
		0x01, 0x00, 0x01, 0xFF, 0x01, 0xF0, 0x07, 0x00, 0x02, 0xFF, 0x01, 0x00, 
		0x0C, 0xFF, 0x01, 0x00, 0x01, 0xFF, 0x01, 0xF0, 0x07, 0x00, 0x02, 0xFF, 
		0x01, 0x00, 0x0C, 0xFF, 0x01, 0x00, 0x01, 0xFF, 0x01, 0xF0, 0x07, 0x00, 
		0x02, 0xFF, 0x01, 0x00, 0x0C, 0xFF, 0x01, 0x00, 0x01, 0xFF, 0x01, 0xF0, 
		0x07, 0x00, 0x02, 0xFF, 0x01, 0x00, 0x0C, 0xFF, 0x01, 0x00, 0x01, 0xFF, 
		0x01, 0xF0, 0x07, 0x00, 0x02, 0xFF, 0x01, 0x00, 0x0C, 0xFF, 0x01, 0x00, 
		0x01, 0xFF, 0x01, 0xF0, 0x07, 0x00, 0x02, 0xFF, 0x01, 0x00, 0x0C, 0xFF, 
		0x01, 0x00, 0x01, 0xFF, 0x01, 0xF0, 0x07, 0x00, 0x02, 0xFF, 0x01, 0x00, 
		0x0C, 0xFF, 0x01, 0x00, 0x01, 0xFF, 0x01, 0xF0, 0x07, 0x00, 0x02, 0xFF, 
		0x01, 0x00, 0x0C, 0xFF, 0x01, 0x00, 0x0B, 0xFF, 0x01, 0x00, 0x01, 0x7F, 
		0x0B, 0xFF, 0x01, 0x00, 0x0B, 0xFF, 0x01, 0x80, 0x01, 0x7F, 0x0B, 0xFF, 
		0x01, 0x00, 0x0B, 0xFF, 0x01, 0x80, 0x01, 0x7F, 0x0B, 0xFF, 0x01, 0x00, 
		0x0B, 0xFF, 0x01, 0x80, 0x01, 0x7F, 0x0B, 0xFF, 0x01, 0x00, 0x0B, 0xFF, 
		0x01, 0x80, 0x01, 0x3F, 0x0B, 0xFF, 0x01, 0x00, 0x0B, 0xFF, 0x01, 0xC0, 
		0x01, 0x3F, 0x0B, 0xFF, 0x01, 0x00, 0x0B, 0xFF, 0x01, 0xC0, 0x01, 0x1F, 
		0x0B, 0xFF, 0x01, 0x00, 0x0B, 0xFF, 0x01, 0xC0, 0x01, 0x1F, 0x0B, 0xFF, 
		0x01, 0x00, 0x0B, 0xFF, 0x01, 0xE0, 0x01, 0x1F, 0x0B, 0xFF, 0x01, 0x00, 
		0x0B, 0xFF, 0x01, 0xE0, 0x01, 0x0F, 0x0B, 0xFF, 0x01, 0x00, 0x0B, 0xFF, 
		0x01, 0xE0, 0x01, 0x07, 0x0B, 0xFF, 0x01, 0x00, 0x0B, 0xFF, 0x01, 0xF0, 
		0x01, 0x07, 0x0B, 0xFF, 0x01, 0x00, 0x0B, 0xFF, 0x01, 0xF0, 0x01, 0x03, 
		0x0A, 0xFF, 0x01, 0xFE, 0x01, 0x00, 0x0B, 0xFF, 0x01, 0xF8, 0x01, 0x03, 
		0x0A, 0xFF, 0x01, 0xFE, 0x01, 0x01, 0x0B, 0xFF, 0x01, 0xF8, 0x01, 0x01, 
		0x0A, 0xFF, 0x01, 0xFE, 0x01, 0x01, 0x0B, 0xFF, 0x01, 0xFC, 0x01, 0x00, 
		0x0A, 0xFF, 0x01, 0xFE, 0x01, 0x01, 0x01, 0xFF, 0x01, 0xE0, 0x07, 0x00, 
		0x02, 0xFF, 0x01, 0xFE, 0x01, 0x00, 0x01, 0x7F, 0x09, 0xFF, 0x01, 0xFE, 
		0x01, 0x01, 0x01, 0xFF, 0x01, 0xE0, 0x07, 0x00, 0x02, 0xFF, 0x01, 0xFE, 
		0x01, 0x00, 0x01, 0x7F, 0x09, 0xFF, 0x01, 0xFE, 0x01, 0x01, 0x01, 0xFF, 
		0x01, 0xE0, 0x07, 0x00, 0x03, 0xFF, 0x01, 0x00, 0x01, 0x3F, 0x09, 0xFF, 
		0x01, 0xFE, 0x01, 0x01, 0x01, 0xFF, 0x01, 0xE0, 0x07, 0x00, 0x03, 0xFF, 
		0x01, 0x80, 0x01, 0x1F, 0x09, 0xFF, 0x01, 0xFE, 0x01, 0x01, 0x01, 0xFF, 
		0x01, 0xE0, 0x07, 0x00, 0x03, 0xFF, 0x01, 0x80, 0x01, 0x0F, 0x09, 0xFF, 
		0x01, 0xFE, 0x01, 0x01, 0x01, 0xFF, 0x01, 0xE0, 0x07, 0x00, 0x03, 0xFF, 
		0x01, 0xC0, 0x01, 0x07, 0x09, 0xFF, 0x01, 0xFE, 0x01, 0x01, 0x01, 0xFF, 
		0x01, 0xE0, 0x07, 0x00, 0x03, 0xFF, 0x01, 0xE0, 0x01, 0x03, 0x09, 0xFF, 
		0x01, 0xFC, 0x01, 0x01, 0x01, 0xFF, 0x01, 0xE0, 0x07, 0x00, 0x03, 0xFF, 
		0x01, 0xF0, 0x01, 0x01, 0x09, 0xFF, 0x01, 0xFC, 0x01, 0x03, 0x0C, 0xFF, 
		0x01, 0xF8, 0x01, 0x00, 0x09, 0xFF, 0x01, 0xFC, 0x01, 0x03, 0x0C, 0xFF, 
		0x01, 0xFC, 0x01, 0x00, 0x01, 0x7F, 0x08, 0xFF, 0x01, 0xFC, 0x01, 0x03, 
		0x0C, 0xFF, 0x01, 0xFE, 0x01, 0x00, 0x01, 0x3F, 0x08, 0xFF, 0x01, 0xFC, 
		0x01, 0x03, 0x0D, 0xFF, 0x01, 0x00, 0x01, 0x0F, 0x08, 0xFF, 0x01, 0xFC, 
		0x01, 0x03, 0x0D, 0xFF, 0x01, 0x80, 0x01, 0x07, 0x08, 0xFF, 0x01, 0xFC, 
		0x01, 0x03, 0x0D, 0xFF, 0x01, 0xC0, 0x01, 0x03, 0x08, 0xFF, 0x01, 0xF8, 
		0x01, 0x03, 0x0D, 0xFF, 0x01, 0xE0, 0x01, 0x00, 0x08, 0xFF, 0x01, 0xF8, 
		0x01, 0x07, 0x0D, 0xFF, 0x01, 0xF0, 0x01, 0x00, 0x01, 0x7F, 0x07, 0xFF, 
		0x01, 0xF8, 0x01, 0x07, 0x0D, 0xFF, 0x01, 0xF8, 0x01, 0x00, 0x01, 0x1F, 
		0x07, 0xFF, 0x01, 0xF8, 0x01, 0x07, 0x0D, 0xFF, 0x01, 0xFC, 0x01, 0x00, 
		0x01, 0x0F, 0x07, 0xFF, 0x01, 0xF8, 0x01, 0x07, 0x0D, 0xFF, 0x01, 0xFE, 
		0x01, 0x00, 0x01, 0x03, 0x07, 0xFF, 0x01, 0xF0, 0x01, 0x07, 0x0E, 0xFF, 
		0x01, 0x80, 0x01, 0x01, 0x07, 0xFF, 0x01, 0xF0, 0x01, 0x0F, 0x0E, 0xFF, 
		0x01, 0xC0, 0x01, 0x00, 0x01, 0x7F, 0x06, 0xFF, 0x01, 0xF0, 0x01, 0x0F, 
		0x0E, 0xFF, 0x01, 0xF0, 0x01, 0x00, 0x01, 0x1F, 0x06, 0xFF, 0x01, 0xE0, 
		0x01, 0x0F, 0x0E, 0xFF, 0x01, 0xF8, 0x01, 0x00, 0x01, 0x07, 0x06, 0xFF, 
		0x01, 0xE0, 0x01, 0x0F, 0x0E, 0xFF, 0x01, 0xFC, 0x01, 0x00, 0x01, 0x01, 
		0x06, 0xFF, 0x01, 0xE0, 0x01, 0x1F, 0x01, 0xFF, 0x08, 0x00, 0x06, 0xFF, 
		0x02, 0x00, 0x01, 0x7F, 0x05, 0xFF, 0x01, 0xC0, 0x01, 0x1F, 0x01, 0xFE, 
		0x08, 0x00, 0x06, 0xFF, 0x01, 0xC0, 0x01, 0x00, 0x01, 0x1F, 0x05, 0xFF, 
		0x01, 0xC0, 0x01, 0x1F, 0x01, 0xFE, 0x08, 0x00, 0x06, 0xFF, 0x01, 0xE0, 
		0x01, 0x00, 0x01, 0x07, 0x05, 0xFF, 0x01, 0xC0, 0x01, 0x3F, 0x01, 0xFE, 
		0x08, 0x00, 0x06, 0xFF, 0x01, 0xF8, 0x02, 0x00, 0x05, 0xFF, 0x01, 0x80, 
		0x01, 0x3F, 0x01, 0xFC, 0x08, 0x00, 0x06, 0xFF, 0x01, 0xFE, 0x02, 0x00, 
		0x01, 0x1F, 0x04, 0xFF, 0x01, 0x80, 0x01, 0x3F, 0x01, 0xFC, 0x08, 0x00, 
		0x07, 0xFF, 0x01, 0x80, 0x01, 0x00, 0x01, 0x07, 0x04, 0xFF, 0x01, 0x00, 
		0x01, 0x7F, 0x01, 0xFC, 0x08, 0x00, 0x07, 0xFF, 0x01, 0xE0, 0x02, 0x00, 
		0x04, 0xFF, 0x01, 0x00, 0x01, 0x7F, 0x01, 0xFC, 0x08, 0x00, 0x07, 0xFF, 
		0x01, 0xF8, 0x02, 0x00, 0x01, 0x0F, 0x02, 0xFF, 0x01, 0xFE, 0x01, 0x00, 
		0x11, 0xFF, 0x01, 0xFE, 0x03, 0x00, 0x02, 0xFF, 0x01, 0xFC, 0x01, 0x00, 
		0x12, 0xFF, 0x01, 0x80, 0x02, 0x00, 0x01, 0x07, 0x01, 0xFF, 0x01, 0xF8, 
		0x01, 0x01, 0x12, 0xFF, 0x01, 0xF0, 0x03, 0x00, 0x01, 0x0F, 0x01, 0xF0, 
		0x01, 0x01, 0x12, 0xFF, 0x01, 0xFC, 0x05, 0x00, 0x01, 0x03, 0x13, 0xFF, 
		0x01, 0x80, 0x04, 0x00, 0x01, 0x07, 0x13, 0xFF, 0x01, 0xF0, 0x04, 0x00, 
		0x01, 0x0F, 0x13, 0xFF, 0x01, 0xFE, 0x04, 0x00, 0x01, 0x0F, 0x14, 0xFF, 
		0x01, 0xC0, 0x03, 0x00, 0x01, 0x3F, 0x14, 0xFF, 0x01, 0xFC, 0x03, 0x00, 
		0x01, 0x7F, 0x15, 0xFF, 0x01, 0xE0, 0x01, 0x00, 0x01, 0x01, 0x17, 0xFF, 
		0x01, 0xE0, 0x01, 0x07, 0xFF, 0xFF, 0xFF, 0xFF, 0xFF, 0xFF, 0x93, 0xFF, 
	ID(Zurueck_small), TYPEID_OUTPICT, WORD(55), WORD(88), WORD(64), 
		0, 5, COLOR_WHITE, LONG(448UL), 0, 
		0x02, 0xFF, 0x01, 0xFE, 0x08, 0x00, 0x02, 0xFF, 0x01, 0xE0, 0x08, 0x00, 
		0x02, 0xFF, 0x09, 0x00, 0x01, 0xFF, 0x01, 0xFC, 0x09, 0x00, 0x01, 0xFF, 
		0x01, 0xF8, 0x09, 0x00, 0x01, 0xFF, 0x01, 0xE0, 0x09, 0x00, 0x01, 0xFF, 
		0x01, 0xC0, 0x09, 0x00, 0x01, 0xFF, 0x01, 0x80, 0x09, 0x00, 0x01, 0xFF, 
		0x0A, 0x00, 0x01, 0xFE, 0x0A, 0x00, 0x01, 0xFC, 0x0A, 0x00, 0x01, 0xF8, 
		0x0A, 0x00, 0x01, 0xF8, 0x0A, 0x00, 0x01, 0xF0, 0x0A, 0x00, 0x01, 0xE0, 
		0x01, 0x00, 0x01, 0x01, 0x08, 0xFF, 0x01, 0xE0, 0x01, 0x00, 0x01, 0x07, 
		0x08, 0xFF, 0x01, 0xC0, 0x01, 0x00, 0x01, 0x1F, 0x08, 0xFF, 0x01, 0xC0, 
		0x01, 0x00, 0x01, 0x3F, 0x08, 0xFF, 0x01, 0xC0, 0x01, 0x00, 0x01, 0x7F, 
		0x08, 0xFF, 0x01, 0x80, 0x01, 0x00, 0x09, 0xFF, 0x01, 0x80, 0x01, 0x00, 
		0x09, 0xFF, 0x01, 0x80, 0x01, 0x01, 0x09, 0xFF, 0x01, 0x80, 0x01, 0x01, 
		0x09, 0xFF, 0x01, 0x00, 0x01, 0x03, 0x09, 0xFF, 0x01, 0x00, 0x01, 0x03, 
		0x09, 0xFF, 0x01, 0x00, 0x01, 0x03, 0x09, 0xFF, 0x01, 0x00, 0x01, 0x03, 
		0x09, 0xFF, 0x01, 0x00, 0x01, 0x03, 0x09, 0xFF, 0x01, 0x00, 0x01, 0x03, 
		0x09, 0xFF, 0x01, 0x00, 0x01, 0x03, 0x09, 0xFF, 0x01, 0x00, 0x01, 0x03, 
		0x09, 0xFF, 0x01, 0x00, 0x01, 0x03, 0x09, 0xFF, 0x01, 0x80, 0x01, 0x01, 
		0x03, 0xFF, 0x01, 0xEF, 0x05, 0xFF, 0x01, 0x80, 0x01, 0x01, 0x03, 0xFF, 
		0x01, 0xE7, 0x05, 0xFF, 0x01, 0x80, 0x01, 0x00, 0x03, 0xFF, 0x01, 0xE1, 
		0x05, 0xFF, 0x01, 0x80, 0x01, 0x00, 0x03, 0xFF, 0x01, 0xE0, 0x05, 0xFF, 
		0x01, 0xC0, 0x01, 0x00, 0x01, 0x7F, 0x02, 0xFF, 0x01, 0xE0, 0x01, 0x7F, 
		0x04, 0xFF, 0x01, 0xC0, 0x01, 0x00, 0x01, 0x3F, 0x02, 0xFF, 0x01, 0xE0, 
		0x01, 0x1F, 0x04, 0xFF, 0x01, 0xC0, 0x01, 0x00, 0x01, 0x1F, 0x02, 0xFF, 
		0x01, 0xE0, 0x01, 0x0F, 0x04, 0xFF, 0x01, 0xE0, 0x01, 0x00, 0x01, 0x07, 
		0x02, 0xFF, 0x01, 0xE0, 0x01, 0x03, 0x04, 0xFF, 0x01, 0xE0, 0x01, 0x00, 
		0x01, 0x01, 0x02, 0xFF, 0x01, 0xE0, 0x01, 0x01, 0x04, 0xFF, 0x01, 0xF0, 
		0x06, 0x00, 0x01, 0x7F, 0x03, 0xFF, 0x01, 0xF8, 0x06, 0x00, 0x01, 0x3F, 
		0x03, 0xFF, 0x01, 0xF8, 0x06, 0x00, 0x01, 0x1F, 0x03, 0xFF, 0x01, 0xFC, 
		0x06, 0x00, 0x01, 0x07, 0x03, 0xFF, 0x01, 0xFE, 0x06, 0x00, 0x01, 0x03, 
		0x04, 0xFF, 0x07, 0x00, 0x04, 0xFF, 0x01, 0x80, 0x06, 0x00, 0x01, 0x7F, 
		0x03, 0xFF, 0x01, 0xC0, 0x06, 0x00, 0x01, 0x7F, 0x03, 0xFF, 0x01, 0xE0, 
		0x06, 0x00, 0x04, 0xFF, 0x01, 0xF8, 0x05, 0x00, 0x01, 0x01, 0x04, 0xFF, 
		0x01, 0xFC, 0x05, 0x00, 0x01, 0x07, 0x05, 0xFF, 0x05, 0x00, 0x01, 0x0F, 
		0x05, 0xFF, 0x01, 0xE0, 0x04, 0x00, 0x01, 0x3F, 0x05, 0xFF, 0x01, 0xFE, 
		0x04, 0x00, 0x01, 0x7F, 0x08, 0xFF, 0x01, 0xE0, 0x01, 0x01, 0x09, 0xFF, 
		0x01, 0xE0, 0x01, 0x03, 0x09, 0xFF, 0x01, 0xE0, 0x01, 0x0F, 0x09, 0xFF, 
		0x01, 0xE0, 0x01, 0x1F, 0x09, 0xFF, 0x01, 0xE0, 0x01, 0x3F, 0x09, 0xFF, 
		0x01, 0xE0, 0x0A, 0xFF, 0x01, 0xE1, 0x0A, 0xFF, 0x01, 0xE7, 0x0A, 0xFF, 
		0x01, 0xEF, 0x05, 0xFF, 
	ID(Einstellungen_small), TYPEID_OUTPICT, WORD(60), WORD(64), WORD(64), 
		0, 1, COLOR_WHITE, LONG(512UL), 0, 
		0xFF, 0xFF, 0xFF, 0xE0, 0x07, 0xFF, 0xFF, 0xFF, 0xFF, 0xFF, 0xFF, 0xC0, 
		0x03, 0xFF, 0xFF, 0xFF, 0xFF, 0xFF, 0xFF, 0x80, 0x01, 0xFF, 0xFF, 0xFF, 
		0xFF, 0xFF, 0xFF, 0x8F, 0xF1, 0xFF, 0xFF, 0xFF, 0xFF, 0xFF, 0xFF, 0x8F, 
		0xF1, 0xFF, 0xFF, 0xFF, 0xFF, 0xFF, 0xFF, 0x8F, 0xF1, 0xFF, 0xFF, 0xFF, 
		0xFF, 0xF8, 0xFF, 0x8F, 0xF1, 0xFF, 0x1F, 0xFF, 0xFF, 0xE0, 0x7F, 0x8F, 
		0xF1, 0xFE, 0x07, 0xFF, 0xFF, 0xC0, 0x3F, 0x8F, 0xF1, 0xFC, 0x03, 0xFF, 
		0xFF, 0x86, 0x1F, 0x8F, 0xF1, 0xF8, 0x61, 0xFF, 0xFF, 0x0F, 0x0C, 0x0F, 
		0xF0, 0x30, 0xF0, 0xFF, 0xFE, 0x1F, 0x80, 0x1F, 0xF8, 0x01, 0xF8, 0x7F, 
		0xFE, 0x3F, 0xC0, 0x7F, 0xFE, 0x03, 0xFC, 0x7F, 0xFC, 0x7F, 0xE3, 0xFF, 
		0xFF, 0xC7, 0xFE, 0x3F, 0xFC, 0x7F, 0xFF, 0xFF, 0xFF, 0xFF, 0xFE, 0x3F, 
		0xFC, 0x3F, 0xFF, 0xFF, 0xFF, 0xFF, 0xFC, 0x3F, 0xFE, 0x1F, 0xFF, 0xFF, 
		0xFF, 0xFF, 0xF8, 0x7F, 0xFF, 0x0F, 0xFF, 0xFF, 0xFF, 0xFF, 0xF0, 0xFF, 
		0xFF, 0x87, 0xFF, 0xFF, 0xFF, 0xFF, 0xE1, 0xFF, 0xFF, 0xC3, 0xFF, 0xFF, 
		0xFF, 0xFF, 0xC3, 0xFF, 0xFF, 0xE3, 0xFF, 0xE0, 0x07, 0xFF, 0xC7, 0xFF, 
		0xFF, 0xE3, 0xFF, 0x80, 0x01, 0xFF, 0xC7, 0xFF, 0xFF, 0xC7, 0xFF, 0x03, 
		0xC0, 0xFF, 0xE3, 0xFF, 0xFF, 0xC7, 0xFE, 0x1F, 0xF8, 0x7F, 0xE3, 0xFF, 
		0xFF, 0xC7, 0xFC, 0x3F, 0xFC, 0x3F, 0xE3, 0xFF, 0xC0, 0x0F, 0xF8, 0x7F, 
		0xFE, 0x1F, 0xF0, 0x03, 0x80, 0x0F, 0xF8, 0xFF, 0xFF, 0x1F, 0xF0, 0x01, 
		0x00, 0x1F, 0xF1, 0xFF, 0xFF, 0x8F, 0xF8, 0x00, 0x1F, 0xFF, 0xF1, 0xFF, 
		0xFF, 0x8F, 0xFF, 0xF8, 0x1F, 0xFF, 0xF1, 0xFF, 0xFF, 0x8F, 0xFF, 0xF8, 
		0x1F, 0xFF, 0xF3, 0xFF, 0xFF, 0xCF, 0xFF, 0xF8, 0x1F, 0xFF, 0xF3, 0xFF, 
		0xFF, 0xCF, 0xFF, 0xF8, 0x1F, 0xFF, 0xF3, 0xFF, 0xFF, 0xCF, 0xFF, 0xF8, 
		0x1F, 0xFF, 0xF3, 0xFF, 0xFF, 0xCF, 0xFF, 0xF8, 0x1F, 0xFF, 0xF1, 0xFF, 
		0xFF, 0x8F, 0xFF, 0xF8, 0x1F, 0xFF, 0xF1, 0xFF, 0xFF, 0x8F, 0xFF, 0xF8, 
		0x00, 0x1F, 0xF1, 0xFF, 0xFF, 0x8F, 0xF8, 0x00, 0x80, 0x0F, 0xF8, 0xFF, 
		0xFF, 0x1F, 0xF0, 0x01, 0xC0, 0x0F, 0xF8, 0x7F, 0xFE, 0x1F, 0xF0, 0x03, 
		0xFF, 0xC7, 0xFC, 0x3F, 0xFC, 0x3F, 0xE3, 0xFF, 0xFF, 0xC7, 0xFE, 0x1F, 
		0xF8, 0x7F, 0xE3, 0xFF, 0xFF, 0xC7, 0xFF, 0x03, 0xC0, 0xFF, 0xE3, 0xFF, 
		0xFF, 0xE3, 0xFF, 0x80, 0x01, 0xFF, 0xC7, 0xFF, 0xFF, 0xE3, 0xFF, 0xE0, 
		0x07, 0xFF, 0xC7, 0xFF, 0xFF, 0xC3, 0xFF, 0xFF, 0xFF, 0xFF, 0xC3, 0xFF, 
		0xFF, 0x87, 0xFF, 0xFF, 0xFF, 0xFF, 0xE1, 0xFF, 0xFF, 0x0F, 0xFF, 0xFF, 
		0xFF, 0xFF, 0xF0, 0xFF, 0xFE, 0x1F, 0xFF, 0xFF, 0xFF, 0xFF, 0xF8, 0x7F, 
		0xFC, 0x3F, 0xFF, 0xFF, 0xFF, 0xFF, 0xFC, 0x3F, 0xFC, 0x7F, 0xFF, 0xFF, 
		0xFF, 0xFF, 0xFE, 0x3F, 0xFC, 0x7F, 0xE3, 0xFF, 0xFF, 0xC7, 0xFE, 0x3F, 
		0xFE, 0x3F, 0xC0, 0x7F, 0xFE, 0x03, 0xFC, 0x7F, 0xFE, 0x1F, 0x80, 0x1F, 
		0xF8, 0x01, 0xF8, 0x7F, 0xFF, 0x0F, 0x0C, 0x0F, 0xF0, 0x30, 0xF0, 0xFF, 
		0xFF, 0x86, 0x1F, 0x8F, 0xF1, 0xF8, 0x61, 0xFF, 0xFF, 0xC0, 0x3F, 0x8F, 
		0xF1, 0xFC, 0x03, 0xFF, 0xFF, 0xE0, 0x7F, 0x8F, 0xF1, 0xFE, 0x07, 0xFF, 
		0xFF, 0xF8, 0xFF, 0x8F, 0xF1, 0xFF, 0x1F, 0xFF, 0xFF, 0xFF, 0xFF, 0x8F, 
		0xF1, 0xFF, 0xFF, 0xFF, 0xFF, 0xFF, 0xFF, 0x8F, 0xF1, 0xFF, 0xFF, 0xFF, 
		0xFF, 0xFF, 0xFF, 0x8F, 0xF1, 0xFF, 0xFF, 0xFF, 0xFF, 0xFF, 0xFF, 0x80, 
		0x01, 0xFF, 0xFF, 0xFF, 0xFF, 0xFF, 0xFF, 0xC0, 0x03, 0xFF, 0xFF, 0xFF, 
		0xFF, 0xFF, 0xFF, 0xE0, 0x07, 0xFF, 0xFF, 0xFF, 
	ID(pause_s), TYPEID_OUTPICT, WORD(33), WORD(256), WORD(384), 
		0, 5, COLOR_WHITE, LONG(1726UL), 0, 
		0x01, 0xFF, 0x01, 0x80, 0x08, 0x00, 0x01, 0x01, 0x0A, 0xFF, 0x01, 0x80, 
		0x08, 0x00, 0x01, 0x01, 0x01, 0xFF, 0x01, 0xFC, 0x0A, 0x00, 0x01, 0x3F, 
		0x08, 0xFF, 0x01, 0xFC, 0x0A, 0x00, 0x01, 0x3F, 0x01, 0xF8, 0x0A, 0x00, 
		0x01, 0x1F, 0x08, 0xFF, 0x01, 0xF8, 0x0A, 0x00, 0x01, 0x1F, 0x01, 0xF0, 
		0x0A, 0x00, 0x01, 0x0F, 0x08, 0xFF, 0x01, 0xF0, 0x0A, 0x00, 0x01, 0x0F, 
		0x01, 0xE0, 0x0A, 0x00, 0x01, 0x07, 0x08, 0xFF, 0x01, 0xE0, 0x0A, 0x00, 
		0x01, 0x07, 0x01, 0xC0, 0x0A, 0x00, 0x01, 0x03, 0x08, 0xFF, 0x01, 0xC0, 
		0x0A, 0x00, 0x01, 0x03, 0x01, 0x80, 0x0A, 0x00, 0x01, 0x01, 0x08, 0xFF, 
		0x01, 0x80, 0x0A, 0x00, 0x01, 0x01, 0x01, 0x80, 0x0A, 0x00, 0x01, 0x01, 
		0x08, 0xFF, 0x01, 0x80, 0x0A, 0x00, 0x01, 0x01, 0x01, 0x80, 0x0A, 0x00, 
		0x01, 0x01, 0x08, 0xFF, 0x01, 0x80, 0x0A, 0x00, 0x01, 0x01, 0x0C, 0x00, 
		0x08, 0xFF, 0x18, 0x00, 0x08, 0xFF, 0x18, 0x00, 0x08, 0xFF, 0x18, 0x00, 
		0x08, 0xFF, 0x18, 0x00, 0x08, 0xFF, 0x18, 0x00, 0x08, 0xFF, 0x18, 0x00, 
		0x08, 0xFF, 0x18, 0x00, 0x08, 0xFF, 0x18, 0x00, 0x08, 0xFF, 0x18, 0x00, 
		0x08, 0xFF, 0x18, 0x00, 0x08, 0xFF, 0x18, 0x00, 0x08, 0xFF, 0x18, 0x00, 
		0x08, 0xFF, 0x18, 0x00, 0x08, 0xFF, 0x18, 0x00, 0x08, 0xFF, 0x18, 0x00, 
		0x08, 0xFF, 0x18, 0x00, 0x08, 0xFF, 0x18, 0x00, 0x08, 0xFF, 0x18, 0x00, 
		0x08, 0xFF, 0x18, 0x00, 0x08, 0xFF, 0x18, 0x00, 0x08, 0xFF, 0x18, 0x00, 
		0x08, 0xFF, 0x18, 0x00, 0x08, 0xFF, 0x18, 0x00, 0x08, 0xFF, 0x18, 0x00, 
		0x08, 0xFF, 0x18, 0x00, 0x08, 0xFF, 0x18, 0x00, 0x08, 0xFF, 0x18, 0x00, 
		0x08, 0xFF, 0x18, 0x00, 0x08, 0xFF, 0x18, 0x00, 0x08, 0xFF, 0x18, 0x00, 
		0x08, 0xFF, 0x18, 0x00, 0x08, 0xFF, 0x18, 0x00, 0x08, 0xFF, 0x18, 0x00, 
		0x08, 0xFF, 0x18, 0x00, 0x08, 0xFF, 0x18, 0x00, 0x08, 0xFF, 0x18, 0x00, 
		0x08, 0xFF, 0x18, 0x00, 0x08, 0xFF, 0x18, 0x00, 0x08, 0xFF, 0x18, 0x00, 
		0x08, 0xFF, 0x18, 0x00, 0x08, 0xFF, 0x18, 0x00, 0x08, 0xFF, 0x18, 0x00, 
		0x08, 0xFF, 0x18, 0x00, 0x08, 0xFF, 0x18, 0x00, 0x08, 0xFF, 0x18, 0x00, 
		0x08, 0xFF, 0x18, 0x00, 0x08, 0xFF, 0x18, 0x00, 0x08, 0xFF, 0x18, 0x00, 
		0x08, 0xFF, 0x18, 0x00, 0x08, 0xFF, 0x18, 0x00, 0x08, 0xFF, 0x18, 0x00, 
		0x08, 0xFF, 0x18, 0x00, 0x08, 0xFF, 0x18, 0x00, 0x08, 0xFF, 0x18, 0x00, 
		0x08, 0xFF, 0x18, 0x00, 0x08, 0xFF, 0x18, 0x00, 0x08, 0xFF, 0x18, 0x00, 
		0x08, 0xFF, 0x18, 0x00, 0x08, 0xFF, 0x18, 0x00, 0x08, 0xFF, 0x18, 0x00, 
		0x08, 0xFF, 0x18, 0x00, 0x08, 0xFF, 0x18, 0x00, 0x08, 0xFF, 0x18, 0x00, 
		0x08, 0xFF, 0x18, 0x00, 0x08, 0xFF, 0x18, 0x00, 0x08, 0xFF, 0x18, 0x00, 
		0x08, 0xFF, 0x18, 0x00, 0x08, 0xFF, 0x18, 0x00, 0x08, 0xFF, 0x18, 0x00, 
		0x08, 0xFF, 0x18, 0x00, 0x08, 0xFF, 0x18, 0x00, 0x08, 0xFF, 0x18, 0x00, 
		0x08, 0xFF, 0x18, 0x00, 0x08, 0xFF, 0x18, 0x00, 0x08, 0xFF, 0x18, 0x00, 
		0x08, 0xFF, 0x18, 0x00, 0x08, 0xFF, 0x18, 0x00, 0x08, 0xFF, 0x18, 0x00, 
		0x08, 0xFF, 0x18, 0x00, 0x08, 0xFF, 0x18, 0x00, 0x08, 0xFF, 0x18, 0x00, 
		0x08, 0xFF, 0x18, 0x00, 0x08, 0xFF, 0x18, 0x00, 0x08, 0xFF, 0x18, 0x00, 
		0x08, 0xFF, 0x18, 0x00, 0x08, 0xFF, 0x18, 0x00, 0x08, 0xFF, 0x18, 0x00, 
		0x08, 0xFF, 0x18, 0x00, 0x08, 0xFF, 0x18, 0x00, 0x08, 0xFF, 0x18, 0x00, 
		0x08, 0xFF, 0x18, 0x00, 0x08, 0xFF, 0x18, 0x00, 0x08, 0xFF, 0x18, 0x00, 
		0x08, 0xFF, 0x18, 0x00, 0x08, 0xFF, 0x18, 0x00, 0x08, 0xFF, 0x18, 0x00, 
		0x08, 0xFF, 0x18, 0x00, 0x08, 0xFF, 0x18, 0x00, 0x08, 0xFF, 0x18, 0x00, 
		0x08, 0xFF, 0x18, 0x00, 0x08, 0xFF, 0x18, 0x00, 0x08, 0xFF, 0x18, 0x00, 
		0x08, 0xFF, 0x18, 0x00, 0x08, 0xFF, 0x18, 0x00, 0x08, 0xFF, 0x18, 0x00, 
		0x08, 0xFF, 0x18, 0x00, 0x08, 0xFF, 0x18, 0x00, 0x08, 0xFF, 0x18, 0x00, 
		0x08, 0xFF, 0x18, 0x00, 0x08, 0xFF, 0x18, 0x00, 0x08, 0xFF, 0x18, 0x00, 
		0x08, 0xFF, 0x18, 0x00, 0x08, 0xFF, 0x18, 0x00, 0x08, 0xFF, 0x18, 0x00, 
		0x08, 0xFF, 0x18, 0x00, 0x08, 0xFF, 0x18, 0x00, 0x08, 0xFF, 0x18, 0x00, 
		0x08, 0xFF, 0x18, 0x00, 0x08, 0xFF, 0x18, 0x00, 0x08, 0xFF, 0x18, 0x00, 
		0x08, 0xFF, 0x18, 0x00, 0x08, 0xFF, 0x18, 0x00, 0x08, 0xFF, 0x18, 0x00, 
		0x08, 0xFF, 0x18, 0x00, 0x08, 0xFF, 0x18, 0x00, 0x08, 0xFF, 0x18, 0x00, 
		0x08, 0xFF, 0x18, 0x00, 0x08, 0xFF, 0x18, 0x00, 0x08, 0xFF, 0x18, 0x00, 
		0x08, 0xFF, 0x18, 0x00, 0x08, 0xFF, 0x18, 0x00, 0x08, 0xFF, 0x18, 0x00, 
		0x08, 0xFF, 0x18, 0x00, 0x08, 0xFF, 0x18, 0x00, 0x08, 0xFF, 0x18, 0x00, 
		0x08, 0xFF, 0x18, 0x00, 0x08, 0xFF, 0x18, 0x00, 0x08, 0xFF, 0x18, 0x00, 
		0x08, 0xFF, 0x18, 0x00, 0x08, 0xFF, 0x18, 0x00, 0x08, 0xFF, 0x18, 0x00, 
		0x08, 0xFF, 0x18, 0x00, 0x08, 0xFF, 0x18, 0x00, 0x08, 0xFF, 0x18, 0x00, 
		0x08, 0xFF, 0x18, 0x00, 0x08, 0xFF, 0x18, 0x00, 0x08, 0xFF, 0x18, 0x00, 
		0x08, 0xFF, 0x18, 0x00, 0x08, 0xFF, 0x18, 0x00, 0x08, 0xFF, 0x18, 0x00, 
		0x08, 0xFF, 0x18, 0x00, 0x08, 0xFF, 0x18, 0x00, 0x08, 0xFF, 0x18, 0x00, 
		0x08, 0xFF, 0x18, 0x00, 0x08, 0xFF, 0x18, 0x00, 0x08, 0xFF, 0x18, 0x00, 
		0x08, 0xFF, 0x18, 0x00, 0x08, 0xFF, 0x18, 0x00, 0x08, 0xFF, 0x18, 0x00, 
		0x08, 0xFF, 0x18, 0x00, 0x08, 0xFF, 0x18, 0x00, 0x08, 0xFF, 0x18, 0x00, 
		0x08, 0xFF, 0x18, 0x00, 0x08, 0xFF, 0x18, 0x00, 0x08, 0xFF, 0x18, 0x00, 
		0x08, 0xFF, 0x18, 0x00, 0x08, 0xFF, 0x18, 0x00, 0x08, 0xFF, 0x18, 0x00, 
		0x08, 0xFF, 0x18, 0x00, 0x08, 0xFF, 0x18, 0x00, 0x08, 0xFF, 0x18, 0x00, 
		0x08, 0xFF, 0x18, 0x00, 0x08, 0xFF, 0x18, 0x00, 0x08, 0xFF, 0x18, 0x00, 
		0x08, 0xFF, 0x18, 0x00, 0x08, 0xFF, 0x18, 0x00, 0x08, 0xFF, 0x18, 0x00, 
		0x08, 0xFF, 0x18, 0x00, 0x08, 0xFF, 0x18, 0x00, 0x08, 0xFF, 0x18, 0x00, 
		0x08, 0xFF, 0x18, 0x00, 0x08, 0xFF, 0x18, 0x00, 0x08, 0xFF, 0x18, 0x00, 
		0x08, 0xFF, 0x18, 0x00, 0x08, 0xFF, 0x18, 0x00, 0x08, 0xFF, 0x18, 0x00, 
		0x08, 0xFF, 0x18, 0x00, 0x08, 0xFF, 0x18, 0x00, 0x08, 0xFF, 0x18, 0x00, 
		0x08, 0xFF, 0x18, 0x00, 0x08, 0xFF, 0x18, 0x00, 0x08, 0xFF, 0x18, 0x00, 
		0x08, 0xFF, 0x18, 0x00, 0x08, 0xFF, 0x18, 0x00, 0x08, 0xFF, 0x18, 0x00, 
		0x08, 0xFF, 0x18, 0x00, 0x08, 0xFF, 0x18, 0x00, 0x08, 0xFF, 0x18, 0x00, 
		0x08, 0xFF, 0x18, 0x00, 0x08, 0xFF, 0x18, 0x00, 0x08, 0xFF, 0x18, 0x00, 
		0x08, 0xFF, 0x18, 0x00, 0x08, 0xFF, 0x18, 0x00, 0x08, 0xFF, 0x18, 0x00, 
		0x08, 0xFF, 0x18, 0x00, 0x08, 0xFF, 0x18, 0x00, 0x08, 0xFF, 0x18, 0x00, 
		0x08, 0xFF, 0x18, 0x00, 0x08, 0xFF, 0x18, 0x00, 0x08, 0xFF, 0x18, 0x00, 
		0x08, 0xFF, 0x18, 0x00, 0x08, 0xFF, 0x18, 0x00, 0x08, 0xFF, 0x18, 0x00, 
		0x08, 0xFF, 0x18, 0x00, 0x08, 0xFF, 0x18, 0x00, 0x08, 0xFF, 0x18, 0x00, 
		0x08, 0xFF, 0x18, 0x00, 0x08, 0xFF, 0x18, 0x00, 0x08, 0xFF, 0x18, 0x00, 
		0x08, 0xFF, 0x18, 0x00, 0x08, 0xFF, 0x18, 0x00, 0x08, 0xFF, 0x18, 0x00, 
		0x08, 0xFF, 0x18, 0x00, 0x08, 0xFF, 0x18, 0x00, 0x08, 0xFF, 0x18, 0x00, 
		0x08, 0xFF, 0x18, 0x00, 0x08, 0xFF, 0x18, 0x00, 0x08, 0xFF, 0x18, 0x00, 
		0x08, 0xFF, 0x18, 0x00, 0x08, 0xFF, 0x18, 0x00, 0x08, 0xFF, 0x18, 0x00, 
		0x08, 0xFF, 0x18, 0x00, 0x08, 0xFF, 0x18, 0x00, 0x08, 0xFF, 0x18, 0x00, 
		0x08, 0xFF, 0x18, 0x00, 0x08, 0xFF, 0x18, 0x00, 0x08, 0xFF, 0x18, 0x00, 
		0x08, 0xFF, 0x18, 0x00, 0x08, 0xFF, 0x18, 0x00, 0x08, 0xFF, 0x18, 0x00, 
		0x08, 0xFF, 0x18, 0x00, 0x08, 0xFF, 0x18, 0x00, 0x08, 0xFF, 0x18, 0x00, 
		0x08, 0xFF, 0x18, 0x00, 0x08, 0xFF, 0x18, 0x00, 0x08, 0xFF, 0x18, 0x00, 
		0x08, 0xFF, 0x18, 0x00, 0x08, 0xFF, 0x18, 0x00, 0x08, 0xFF, 0x18, 0x00, 
		0x08, 0xFF, 0x18, 0x00, 0x08, 0xFF, 0x18, 0x00, 0x08, 0xFF, 0x18, 0x00, 
		0x08, 0xFF, 0x18, 0x00, 0x08, 0xFF, 0x18, 0x00, 0x08, 0xFF, 0x18, 0x00, 
		0x08, 0xFF, 0x18, 0x00, 0x08, 0xFF, 0x18, 0x00, 0x08, 0xFF, 0x18, 0x00, 
		0x08, 0xFF, 0x18, 0x00, 0x08, 0xFF, 0x18, 0x00, 0x08, 0xFF, 0x18, 0x00, 
		0x08, 0xFF, 0x18, 0x00, 0x08, 0xFF, 0x18, 0x00, 0x08, 0xFF, 0x18, 0x00, 
		0x08, 0xFF, 0x18, 0x00, 0x08, 0xFF, 0x18, 0x00, 0x08, 0xFF, 0x18, 0x00, 
		0x08, 0xFF, 0x18, 0x00, 0x08, 0xFF, 0x18, 0x00, 0x08, 0xFF, 0x18, 0x00, 
		0x08, 0xFF, 0x18, 0x00, 0x08, 0xFF, 0x18, 0x00, 0x08, 0xFF, 0x18, 0x00, 
		0x08, 0xFF, 0x18, 0x00, 0x08, 0xFF, 0x18, 0x00, 0x08, 0xFF, 0x18, 0x00, 
		0x08, 0xFF, 0x18, 0x00, 0x08, 0xFF, 0x18, 0x00, 0x08, 0xFF, 0x18, 0x00, 
		0x08, 0xFF, 0x18, 0x00, 0x08, 0xFF, 0x18, 0x00, 0x08, 0xFF, 0x18, 0x00, 
		0x08, 0xFF, 0x18, 0x00, 0x08, 0xFF, 0x18, 0x00, 0x08, 0xFF, 0x18, 0x00, 
		0x08, 0xFF, 0x18, 0x00, 0x08, 0xFF, 0x18, 0x00, 0x08, 0xFF, 0x18, 0x00, 
		0x08, 0xFF, 0x18, 0x00, 0x08, 0xFF, 0x18, 0x00, 0x08, 0xFF, 0x18, 0x00, 
		0x08, 0xFF, 0x18, 0x00, 0x08, 0xFF, 0x18, 0x00, 0x08, 0xFF, 0x18, 0x00, 
		0x08, 0xFF, 0x18, 0x00, 0x08, 0xFF, 0x18, 0x00, 0x08, 0xFF, 0x18, 0x00, 
		0x08, 0xFF, 0x18, 0x00, 0x08, 0xFF, 0x18, 0x00, 0x08, 0xFF, 0x18, 0x00, 
		0x08, 0xFF, 0x18, 0x00, 0x08, 0xFF, 0x18, 0x00, 0x08, 0xFF, 0x18, 0x00, 
		0x08, 0xFF, 0x18, 0x00, 0x08, 0xFF, 0x18, 0x00, 0x08, 0xFF, 0x18, 0x00, 
		0x08, 0xFF, 0x18, 0x00, 0x08, 0xFF, 0x18, 0x00, 0x08, 0xFF, 0x18, 0x00, 
		0x08, 0xFF, 0x18, 0x00, 0x08, 0xFF, 0x18, 0x00, 0x08, 0xFF, 0x18, 0x00, 
		0x08, 0xFF, 0x18, 0x00, 0x08, 0xFF, 0x18, 0x00, 0x08, 0xFF, 0x18, 0x00, 
		0x08, 0xFF, 0x18, 0x00, 0x08, 0xFF, 0x18, 0x00, 0x08, 0xFF, 0x18, 0x00, 
		0x08, 0xFF, 0x18, 0x00, 0x08, 0xFF, 0x18, 0x00, 0x08, 0xFF, 0x18, 0x00, 
		0x08, 0xFF, 0x18, 0x00, 0x08, 0xFF, 0x18, 0x00, 0x08, 0xFF, 0x18, 0x00, 
		0x08, 0xFF, 0x18, 0x00, 0x08, 0xFF, 0x18, 0x00, 0x08, 0xFF, 0x18, 0x00, 
		0x08, 0xFF, 0x18, 0x00, 0x08, 0xFF, 0x18, 0x00, 0x08, 0xFF, 0x18, 0x00, 
		0x08, 0xFF, 0x18, 0x00, 0x08, 0xFF, 0x18, 0x00, 0x08, 0xFF, 0x18, 0x00, 
		0x08, 0xFF, 0x18, 0x00, 0x08, 0xFF, 0x18, 0x00, 0x08, 0xFF, 0x18, 0x00, 
		0x08, 0xFF, 0x18, 0x00, 0x08, 0xFF, 0x18, 0x00, 0x08, 0xFF, 0x18, 0x00, 
		0x08, 0xFF, 0x18, 0x00, 0x08, 0xFF, 0x18, 0x00, 0x08, 0xFF, 0x18, 0x00, 
		0x08, 0xFF, 0x18, 0x00, 0x08, 0xFF, 0x18, 0x00, 0x08, 0xFF, 0x18, 0x00, 
		0x08, 0xFF, 0x18, 0x00, 0x08, 0xFF, 0x18, 0x00, 0x08, 0xFF, 0x18, 0x00, 
		0x08, 0xFF, 0x18, 0x00, 0x08, 0xFF, 0x18, 0x00, 0x08, 0xFF, 0x18, 0x00, 
		0x08, 0xFF, 0x18, 0x00, 0x08, 0xFF, 0x18, 0x00, 0x08, 0xFF, 0x18, 0x00, 
		0x08, 0xFF, 0x18, 0x00, 0x08, 0xFF, 0x18, 0x00, 0x08, 0xFF, 0x18, 0x00, 
		0x08, 0xFF, 0x18, 0x00, 0x08, 0xFF, 0x18, 0x00, 0x08, 0xFF, 0x18, 0x00, 
		0x08, 0xFF, 0x18, 0x00, 0x08, 0xFF, 0x18, 0x00, 0x08, 0xFF, 0x18, 0x00, 
		0x08, 0xFF, 0x18, 0x00, 0x08, 0xFF, 0x18, 0x00, 0x08, 0xFF, 0x0C, 0x00, 
		0x01, 0x80, 0x0A, 0x00, 0x01, 0x01, 0x08, 0xFF, 0x01, 0x80, 0x0A, 0x00, 
		0x01, 0x01, 0x01, 0x80, 0x0A, 0x00, 0x01, 0x01, 0x08, 0xFF, 0x01, 0x80, 
		0x0A, 0x00, 0x01, 0x01, 0x01, 0x80, 0x0A, 0x00, 0x01, 0x01, 0x08, 0xFF, 
		0x01, 0x80, 0x0A, 0x00, 0x01, 0x01, 0x01, 0xC0, 0x0A, 0x00, 0x01, 0x03, 
		0x08, 0xFF, 0x01, 0xC0, 0x0A, 0x00, 0x01, 0x03, 0x01, 0xE0, 0x0A, 0x00, 
		0x01, 0x07, 0x08, 0xFF, 0x01, 0xE0, 0x0A, 0x00, 0x01, 0x07, 0x01, 0xF0, 
		0x0A, 0x00, 0x01, 0x0F, 0x08, 0xFF, 0x01, 0xF0, 0x0A, 0x00, 0x01, 0x0F, 
		0x01, 0xF8, 0x0A, 0x00, 0x01, 0x1F, 0x08, 0xFF, 0x01, 0xF8, 0x0A, 0x00, 
		0x01, 0x1F, 0x01, 0xFC, 0x0A, 0x00, 0x01, 0x3F, 0x08, 0xFF, 0x01, 0xFC, 
		0x0A, 0x00, 0x01, 0x3F, 0x01, 0xFF, 0x01, 0x80, 0x08, 0x00, 0x01, 0x01, 
		0x0A, 0xFF, 0x01, 0x80, 0x08, 0x00, 0x01, 0x01, 0x01, 0xFF, 
	ID(Manueller_Modus_small), TYPEID_OUTPICT, WORD(60), WORD(64), WORD(64), 
		0, 1, COLOR_WHITE, LONG(512UL), 0, 
		0xFF, 0xFF, 0xFF, 0xFF, 0xFF, 0xFF, 0xFF, 0xFF, 0xFF, 0xFF, 0xFF, 0xC0, 
		0x03, 0xFF, 0xFF, 0xFF, 0xFF, 0xFF, 0xFC, 0x00, 0x00, 0x7F, 0xFF, 0xFF, 
		0xFF, 0xFF, 0xE0, 0x00, 0x00, 0x0F, 0xFF, 0xFF, 0xFF, 0xFF, 0x80, 0x00, 
		0x00, 0x03, 0xFF, 0xFF, 0xFF, 0xFF, 0x00, 0x1F, 0xF0, 0x00, 0xFF, 0xFF, 
		0xFF, 0xFC, 0x01, 0xFF, 0xFF, 0x00, 0x7F, 0xFF, 0xFF, 0xF8, 0x07, 0xFF, 
		0xFF, 0xE0, 0x1F, 0xFF, 0xFF, 0xE0, 0x1F, 0xFF, 0xFF, 0xF8, 0x0F, 0xFF, 
		0xFF, 0xC0, 0x7F, 0xFF, 0xFF, 0xFE, 0x07, 0xFF, 0xFF, 0x80, 0xFF, 0xFF, 
		0xFF, 0xFF, 0x03, 0xFF, 0xFF, 0x03, 0xFF, 0xFF, 0xFF, 0xFF, 0x81, 0xFF, 
		0xFF, 0x07, 0xFF, 0xFF, 0xFF, 0xFF, 0xC0, 0xFF, 0xFE, 0x0F, 0xFF, 0xFF, 
		0xFF, 0xFF, 0xE0, 0x7F, 0xFC, 0x1F, 0xFF, 0xFF, 0xFF, 0xFF, 0xF0, 0x7F, 
		0xF8, 0x1F, 0xFF, 0xFF, 0xFF, 0xFF, 0xF8, 0x3F, 0xF8, 0x3F, 0xFF, 0xFF, 
		0xFF, 0xFF, 0xFC, 0x1F, 0xF0, 0x7F, 0xFF, 0xFF, 0xFF, 0xFF, 0xFC, 0x1F, 
		0xF0, 0xFF, 0xFF, 0xFF, 0xFF, 0xFF, 0xFE, 0x0F, 0xE0, 0xFF, 0xFF, 0xFF, 
		0xFF, 0xFF, 0xFF, 0x0F, 0xE1, 0xFF, 0xFF, 0xFF, 0xFF, 0xFF, 0xFF, 0x07, 
		0xC1, 0xFF, 0xFF, 0xFF, 0xFF, 0xFF, 0xFF, 0x87, 0xC1, 0xFF, 0xFE, 0x1F, 
		0xF8, 0x7F, 0xFF, 0x87, 0xC3, 0xFF, 0xFC, 0x1F, 0xF0, 0x7F, 0xFF, 0x83, 
		0xC3, 0xFF, 0xFC, 0x0F, 0xF0, 0x7F, 0xFF, 0xC3, 0x83, 0xFF, 0xFC, 0x07, 
		0xE0, 0x7F, 0xFF, 0xC3, 0x87, 0xFF, 0xFC, 0x07, 0xC0, 0x7F, 0xFF, 0xC3, 
		0x87, 0xFF, 0xFC, 0x03, 0xC0, 0x7F, 0xFF, 0xC1, 0x87, 0xFF, 0xFC, 0x23, 
		0x80, 0x7F, 0xFF, 0xE1, 0x87, 0xFF, 0xFC, 0x21, 0x88, 0x7F, 0xFF, 0xE1, 
		0x87, 0xFF, 0xFC, 0x30, 0x08, 0x7F, 0xFF, 0xE1, 0x87, 0xFF, 0xFC, 0x30, 
		0x18, 0x7F, 0xFF, 0xE1, 0x87, 0xFF, 0xFC, 0x38, 0x38, 0x7F, 0xFF, 0xE1, 
		0x87, 0xFF, 0xFC, 0x3C, 0x38, 0x7F, 0xFF, 0xE1, 0x87, 0xFF, 0xFC, 0x3C, 
		0x78, 0x7F, 0xFF, 0xE1, 0x87, 0xFF, 0xFC, 0x3F, 0xF8, 0x7F, 0xFF, 0xE1, 
		0x87, 0xFF, 0xFC, 0x3F, 0xF8, 0x7F, 0xFF, 0xC1, 0x87, 0xFF, 0xFC, 0x3F, 
		0xF8, 0x7F, 0xFF, 0xC3, 0x83, 0xFF, 0xFC, 0x3F, 0xF8, 0x7F, 0xFF, 0xC3, 
		0xC3, 0xFF, 0xFC, 0x3F, 0xF8, 0x7F, 0xFF, 0xC3, 0xC3, 0xFF, 0xFC, 0x3F, 
		0xF8, 0x7F, 0xFF, 0x83, 0xC3, 0xFF, 0xFF, 0xFF, 0xFF, 0xFF, 0xFF, 0x87, 
		0xC1, 0xFF, 0xFF, 0xFF, 0xFF, 0xFF, 0xFF, 0x87, 0xE1, 0xFF, 0xFF, 0xFF, 
		0xFF, 0xFF, 0xFF, 0x07, 0xE0, 0xFF, 0xFF, 0xFF, 0xFF, 0xFF, 0xFF, 0x0F, 
		0xF0, 0xFF, 0xFF, 0xFF, 0xFF, 0xFF, 0xFE, 0x0F, 0xF0, 0x7F, 0xFF, 0xFF, 
		0xFF, 0xFF, 0xFE, 0x1F, 0xF8, 0x3F, 0xFF, 0xFF, 0xFF, 0xFF, 0xFC, 0x1F, 
		0xF8, 0x3F, 0xFF, 0xFF, 0xFF, 0xFF, 0xF8, 0x3F, 0xFC, 0x1F, 0xFF, 0xFF, 
		0xFF, 0xFF, 0xF0, 0x3F, 0xFE, 0x0F, 0xFF, 0xFF, 0xFF, 0xFF, 0xE0, 0x7F, 
		0xFE, 0x07, 0xFF, 0xFF, 0xFF, 0xFF, 0xE0, 0xFF, 0xFF, 0x03, 0xFF, 0xFF, 
		0xFF, 0xFF, 0x81, 0xFF, 0xFF, 0x81, 0xFF, 0xFF, 0xFF, 0xFF, 0x03, 0xFF, 
		0xFF, 0xC0, 0x7F, 0xFF, 0xFF, 0xFE, 0x07, 0xFF, 0xFF, 0xE0, 0x3F, 0xFF, 
		0xFF, 0xF8, 0x0F, 0xFF, 0xFF, 0xF0, 0x0F, 0xFF, 0xFF, 0xE0, 0x1F, 0xFF, 
		0xFF, 0xFC, 0x01, 0xFF, 0xFF, 0x80, 0x3F, 0xFF, 0xFF, 0xFE, 0x00, 0x3F, 
		0xF8, 0x00, 0xFF, 0xFF, 0xFF, 0xFF, 0x80, 0x00, 0x00, 0x01, 0xFF, 0xFF, 
		0xFF, 0xFF, 0xE0, 0x00, 0x00, 0x07, 0xFF, 0xFF, 0xFF, 0xFF, 0xF8, 0x00, 
		0x00, 0x3F, 0xFF, 0xFF, 0xFF, 0xFF, 0xFF, 0x80, 0x01, 0xFF, 0xFF, 0xFF, 
		0xFF, 0xFF, 0xFF, 0xFF, 0xFF, 0xFF, 0xFF, 0xFF, 
	ID(gps_wheel_speed_small), TYPEID_OUTPICT, WORD(73), WORD(156), WORD(64), 
		0, 1, COLOR_WHITE, LONG(1280UL), 0, 
		0xFF, 0xFF, 0xFF, 0xFF, 0xFF, 0xFF, 0xFF, 0xFF, 0xFC, 0x00, 0x3F, 0xFF, 
		0xFF, 0xFF, 0xFF, 0xFF, 0xFF, 0xFF, 0xFF, 0xF0, 0xFF, 0xFF, 0xFF, 0xFF, 
		0xFF, 0xFF, 0xFF, 0xFF, 0xE0, 0x00, 0x07, 0xFF, 0xFF, 0xFF, 0xFF, 0xFF, 
		0xFF, 0xFF, 0xFF, 0xF0, 0xFF, 0xFF, 0xFF, 0xFF, 0xFF, 0xFF, 0xFF, 0xFF, 
		0x00, 0x00, 0x01, 0xFF, 0xFF, 0xFF, 0xFF, 0xFF, 0xFF, 0xFF, 0xFF, 0xF0, 
		0xFF, 0xFF, 0xFF, 0xFF, 0xFF, 0xFF, 0xFF, 0xFC, 0x00, 0x00, 0x00, 0x7F, 
		0xFF, 0xFF, 0xFF, 0xFF, 0xFE, 0x7F, 0xFF, 0xF0, 0xFF, 0xFF, 0xFF, 0xFF, 
		0xFF, 0xFF, 0xFF, 0xF8, 0x00, 0x00, 0x00, 0x1F, 0xFF, 0xFF, 0xFF, 0xFF, 
		0xFC, 0x3F, 0xFF, 0xF0, 0xFF, 0xFF, 0xFF, 0xFF, 0xFF, 0xFF, 0xFF, 0xF0, 
		0x00, 0x00, 0x00, 0x0F, 0xBF, 0xFF, 0xFF, 0xFF, 0xF8, 0x8F, 0xFF, 0xF0, 
		0xFF, 0xFF, 0xFF, 0xFF, 0xFF, 0xFF, 0xFF, 0xC0, 0x00, 0x10, 0x00, 0x07, 
		0x3F, 0xFF, 0xFF, 0xFF, 0xF1, 0xC7, 0xFF, 0xF0, 0xFF, 0xFF, 0xFE, 0xFE, 
		0xFF, 0xFF, 0xFF, 0x80, 0x03, 0xFF, 0xC0, 0x00, 0x3F, 0xFF, 0xFF, 0xFF, 
		0xE3, 0xE3, 0xFF, 0xF0, 0xFF, 0xFF, 0xF8, 0x78, 0xFF, 0xFF, 0xFF, 0x00, 
		0x1F, 0xFF, 0xF0, 0x00, 0x3F, 0xFF, 0xFF, 0xFF, 0xC7, 0xF1, 0xFF, 0xF0, 
		0xFF, 0xFF, 0xF8, 0x30, 0x7F, 0xFF, 0xFE, 0x00, 0x7F, 0xFF, 0xFC, 0x00, 
		0x3F, 0xFF, 0xFF, 0xFF, 0x1F, 0xF8, 0xFF, 0xF0, 0xFF, 0xFE, 0x30, 0x00, 
		0x71, 0xFF, 0xFC, 0x00, 0xFF, 0xFF, 0xFF, 0x00, 0x3F, 0xFF, 0xFF, 0xFE, 
		0x3F, 0xFC, 0x7F, 0xF0, 0xFF, 0xFC, 0x00, 0x00, 0x00, 0xFF, 0xFE, 0x01, 
		0xFF, 0xFF, 0xFF, 0x80, 0x3F, 0xFF, 0xFF, 0xFC, 0x7F, 0xFE, 0x7F, 0xF0, 
		0xFF, 0xFC, 0x00, 0x00, 0x00, 0xFF, 0xFF, 0x03, 0xFF, 0xFF, 0xFF, 0xC0, 
		0x3F, 0xFF, 0x9F, 0xF8, 0xFF, 0xFC, 0x7F, 0xF0, 0xFF, 0xFC, 0x00, 0x00, 
		0x00, 0xFF, 0xFF, 0x87, 0xFF, 0xFF, 0xFF, 0x80, 0x3F, 0xFF, 0x07, 0xF1, 
		0xFF, 0xF8, 0xFF, 0xF0, 0xFF, 0x80, 0x00, 0x00, 0x00, 0x4F, 0xFF, 0xCF, 
		0xFF, 0xFF, 0xFF, 0x00, 0x3F, 0xFE, 0x23, 0xE3, 0xFF, 0xF1, 0xFF, 0xF0, 
		0xFF, 0x80, 0x00, 0x00, 0x00, 0x07, 0xFF, 0xFF, 0xFF, 0xFF, 0xFE, 0x00, 
		0x3F, 0xF8, 0xF1, 0xE7, 0xFF, 0xE3, 0xFF, 0xF0, 0xFF, 0x00, 0x00, 0x00, 
		0x00, 0x03, 0xFF, 0xFF, 0xFF, 0xFF, 0xFF, 0xFF, 0xFF, 0xF1, 0xF8, 0xF3, 
		0xFF, 0xCF, 0xFF, 0xF0, 0xFF, 0x00, 0x00, 0x00, 0x00, 0x03, 0xFF, 0xFF, 
		0xFF, 0xFF, 0xFF, 0xFF, 0xFF, 0xE3, 0xFE, 0x78, 0xFF, 0x1F, 0xFF, 0xF0, 
		0xFF, 0x80, 0x00, 0x00, 0x00, 0x07, 0xFF, 0xFF, 0xFF, 0xFF, 0xFF, 0xFF, 
		0xFF, 0xC7, 0xFF, 0x1C, 0x7E, 0x3F, 0xFF, 0xF0, 0xFF, 0x00, 0x01, 0xFE, 
		0x00, 0x03, 0xFF, 0xFF, 0xFF, 0xFF, 0xFF, 0xFF, 0xFF, 0x8F, 0xFF, 0x88, 
		0x3C, 0x7F, 0xFF, 0xF0, 0xF8, 0x00, 0x07, 0x03, 0x80, 0x00, 0xFF, 0xFF, 
		0xFF, 0xFF, 0xFF, 0xFF, 0xFF, 0x1F, 0xFF, 0xC1, 0x18, 0xFF, 0xFF, 0xF0, 
		0xF0, 0x00, 0x18, 0x00, 0x60, 0x00, 0x7F, 0xFF, 0xFF, 0xFF, 0xFF, 0xFF, 
		0xFF, 0x1F, 0xFF, 0xE3, 0x81, 0xFF, 0xFF, 0xF0, 0xF0, 0x00, 0x20, 0x00, 
		0x30, 0x00, 0x3F, 0xFF, 0xFF, 0xFF, 0xFF, 0xFF, 0xFF, 0x8F, 0xFF, 0xF1, 
		0xC3, 0xFF, 0xFF, 0xF0, 0xF0, 0x00, 0x43, 0x03, 0x18, 0x00, 0x3F, 0xFF, 
		0xFF, 0xFF, 0xFF, 0xFF, 0xFF, 0xC7, 0xFF, 0xF8, 0xFF, 0xFF, 0xFF, 0xF0, 
		0xF8, 0x00, 0x80, 0x00, 0x0C, 0x00, 0x7F, 0xFF, 0xFF, 0xFF, 0xFF, 0xFF, 
		0xFF, 0xE3, 0xFF, 0xFC, 0x7F, 0xFF, 0xFF, 0xF0, 0xF8, 0x01, 0x00, 0xFC, 
		0x06, 0x00, 0x7F, 0xFF, 0xFF, 0xFF, 0xFF, 0xFF, 0xFF, 0xF1, 0xFF, 0xFF, 
		0x1F, 0xFF, 0xFF, 0xF0, 0xF0, 0x03, 0x03, 0x07, 0x02, 0x00, 0x7F, 0xFF, 
		0xFF, 0xFF, 0xFF, 0xFF, 0xFF, 0xF8, 0xFF, 0xFF, 0x8F, 0xFF, 0xFF, 0xF0, 
		0xC0, 0x02, 0x06, 0x31, 0x83, 0x00, 0x1F, 0xFF, 0xFF, 0xFF, 0xFF, 0xFF, 
		0xFF, 0xFC, 0x7F, 0xFF, 0xC7, 0xFF, 0xFF, 0xF0, 0xC0, 0x02, 0xCB, 0x23, 
		0xC9, 0x00, 0x0F, 0xFF, 0xFF, 0xFF, 0xFF, 0xFF, 0xFF, 0xE7, 0x1F, 0xFF, 
		0x80, 0x3F, 0xFF, 0xF0, 0xC0, 0x04, 0x1B, 0x73, 0x49, 0x00, 0x07, 0xFF, 
		0xFF, 0xFF, 0xFF, 0xFF, 0xFF, 0x83, 0x8F, 0xFC, 0x00, 0x0F, 0xFF, 0xF0, 
		0xC0, 0x04, 0x10, 0xFC, 0x61, 0x80, 0x0F, 0xFF, 0xFF, 0xFF, 0xFF, 0xFF, 
		0xFF, 0x11, 0x07, 0xF8, 0x7F, 0xC7, 0xFF, 0xF0, 0xE0, 0x04, 0x11, 0xFC, 
		0x20, 0x80, 0x1F, 0xFF, 0xFF, 0xFF, 0xFF, 0xFF, 0xFE, 0x38, 0x23, 0xF1, 
		0xFF, 0xE3, 0xFF, 0xF0, 0xF0, 0x04, 0x1F, 0xFD, 0xA0, 0x80, 0x3F, 0xFF, 
		0xFF, 0xFF, 0xFF, 0xFF, 0xFC, 0x7C, 0x71, 0xE3, 0xFF, 0xE7, 0xFF, 0xF0, 
		0xF0, 0x04, 0x15, 0xFD, 0xA0, 0x80, 0x3F, 0xFF, 0xFF, 0xFF, 0xFF, 0xFF, 
		0xF8, 0xFE, 0x38, 0xC7, 0xFF, 0x8F, 0xFF, 0xF0, 0xC0, 0x04, 0x10, 0xFC, 
		0x20, 0x80, 0x17, 0xFF, 0xFF, 0xFF, 0xFF, 0xFF, 0xF1, 0xFF, 0x8E, 0x0F, 
		0xFF, 0x1F, 0xFF, 0xF0, 0xC0, 0x04, 0x10, 0xFA, 0x61, 0x80, 0x0F, 0xFF, 
		0xFF, 0xFF, 0xFF, 0xFF, 0xE7, 0xFF, 0xC7, 0x0F, 0xFE, 0x3F, 0xFF, 0xF0, 
		0x80, 0x06, 0xCB, 0x27, 0x49, 0x00, 0x0F, 0xFF, 0xFF, 0xFF, 0xFF, 0xFF, 
		0x8F, 0xFF, 0xC7, 0x9F, 0xFC, 0x7F, 0xFF, 0xF0, 0xC0, 0x02, 0x4F, 0x32, 
		0x89, 0x00, 0x0F, 0xFF, 0xFF, 0xFF, 0xFF, 0xFF, 0x1F, 0xFF, 0x8F, 0x9F, 
		0xF8, 0xFC, 0xF3, 0xC0, 0xC0, 0x02, 0x06, 0x31, 0x83, 0x00, 0x1F, 0xFF, 
		0xFF, 0xFF, 0xFF, 0xFE, 0x3F, 0xFF, 0x1F, 0x9F, 0xF1, 0xFC, 0xF3, 0xC0, 
		0xF8, 0x01, 0x03, 0x87, 0x02, 0x00, 0x7F, 0xFF, 0xFF, 0xFF, 0xFF, 0xFC, 
		0x7F, 0xFE, 0x3F, 0x9F, 0xE7, 0xFC, 0xF3, 0xC0, 0xF8, 0x01, 0x80, 0xFC, 
		0x06, 0x00, 0x7F, 0xFF, 0xFF, 0xFF, 0xFF, 0xFC, 0x7F, 0xFC, 0x7F, 0x9F, 
		0x8F, 0xF9, 0xF3, 0xC0, 0xF0, 0x00, 0x80, 0x00, 0x0C, 0x00, 0x7F, 0xFF, 
		0xFF, 0xFF, 0xFF, 0xFE, 0x3F, 0xF8, 0xFF, 0x8F, 0x1F, 0xF9, 0xE7, 0xC0, 
		0xF0, 0x00, 0x43, 0x03, 0x18, 0x00, 0x3F, 0xFF, 0xFF, 0xFF, 0xFF, 0xFF, 
		0x1F, 0xF1, 0xFF, 0xCE, 0x3F, 0xF3, 0xE7, 0x80, 0xF0, 0x00, 0x30, 0x00, 
		0x30, 0x00, 0x7F, 0xFF, 0xFF, 0xFF, 0xFF, 0xFF, 0x8F, 0xC7, 0xFF, 0xC4, 
		0x7F, 0xC7, 0xC7, 0x90, 0xF0, 0x00, 0x18, 0x00, 0xE0, 0x00, 0x7F, 0xFF, 
		0xFF, 0xFF, 0xFF, 0xFF, 0xC7, 0x8F, 0xFF, 0xE0, 0xFF, 0x0F, 0xCF, 0x90, 
		0xF8, 0x00, 0x07, 0x87, 0x80, 0x00, 0x7F, 0xFF, 0xFF, 0xFF, 0xFF, 0xFF, 
		0xF3, 0x1F, 0xFF, 0xF1, 0xF8, 0x1F, 0x9F, 0x30, 0xFF, 0x00, 0x00, 0xFC, 
		0x00, 0x03, 0xFF, 0xFF, 0xFF, 0xFF, 0xFF, 0xFF, 0xF8, 0x3F, 0xFF, 0xFF, 
		0xF8, 0xFF, 0x1F, 0x30, 0xFF, 0x00, 0x00, 0x00, 0x00, 0x07, 0xFF, 0xFF, 
		0xFF, 0xFF, 0xFF, 0xFF, 0xFC, 0x7F, 0xFF, 0xFF, 0xFF, 0xFE, 0x3E, 0x70, 
		0xFF, 0x00, 0x00, 0x00, 0x00, 0x07, 0xFE, 0x00, 0x1F, 0xFF, 0xFF, 0xFF, 
		0xFF, 0xFF, 0xFF, 0xFF, 0xFF, 0xF8, 0x7C, 0x70, 0xFF, 0x00, 0x00, 0x00, 
		0x00, 0x03, 0xFF, 0x00, 0x3F, 0xFF, 0xFF, 0xFC, 0xFF, 0xFF, 0xFF, 0xFF, 
		0xFF, 0xE1, 0xF8, 0xF0, 0xFF, 0x00, 0x00, 0x00, 0x00, 0x07, 0xFF, 0x00, 
		0x7F, 0xFF, 0xFF, 0xF8, 0x7F, 0xFF, 0xFF, 0xFF, 0xF8, 0x07, 0xF1, 0xF0, 
		0xFF, 0xD8, 0x00, 0x00, 0x00, 0x47, 0xFF, 0x00, 0xFF, 0xFF, 0xFF, 0xF0, 
		0x3F, 0xFF, 0xFF, 0xFF, 0xF8, 0x1F, 0xE3, 0xF0, 0xFF, 0xFC, 0x00, 0x00, 
		0x00, 0xFF, 0xFF, 0x00, 0x7F, 0xFF, 0xFF, 0xE0, 0x1F, 0xFF, 0xFF, 0xFF, 
		0xFF, 0xFF, 0x87, 0xF0, 0xFF, 0xFC, 0x00, 0x00, 0x00, 0xFF, 0xFF, 0x00, 
		0x3F, 0xFF, 0xFF, 0xC0, 0x1F, 0xFF, 0xFF, 0xFF, 0xFF, 0xFF, 0x1F, 0xF0, 
		0xFF, 0xFC, 0x00, 0x00, 0x00, 0xFF, 0xFF, 0x00, 0x0F, 0xFF, 0xFF, 0x00, 
		0x3F, 0xFF, 0xFF, 0xFF, 0xFF, 0xF8, 0x3F, 0xF0, 0xFF, 0xFD, 0x30, 0x00, 
		0x73, 0xFF, 0xFF, 0x00, 0x03, 0xFF, 0xFC, 0x00, 0x7F, 0xFF, 0xFF, 0xFF, 
		0xFF, 0x80, 0xFF, 0xF0, 0xFF, 0xFF, 0xF8, 0x30, 0x7F, 0xFF, 0xFF, 0x10, 
		0x00, 0x7F, 0xE0, 0x00, 0xFF, 0xFF, 0xFF, 0xFF, 0xF8, 0x07, 0xFF, 0xF0, 
		0xFF, 0xFF, 0xFC, 0x78, 0x7F, 0xFF, 0xFF, 0x38, 0x00, 0x00, 0x00, 0x01, 
		0xFF, 0xFF, 0xFF, 0xFF, 0xF8, 0xFF, 0xFF, 0xF0, 0xFF, 0xFF, 0xFF, 0xFF, 
		0xFF, 0xFF, 0xFF, 0x7C, 0x00, 0x00, 0x00, 0x03, 0xFF, 0xFF, 0xFF, 0xFF, 
		0xFF, 0xFF, 0xFF, 0xF0, 0xFF, 0xFF, 0xFF, 0xFF, 0xFF, 0xFF, 0xFF, 0xFE, 
		0x00, 0x00, 0x00, 0x07, 0xFF, 0xFF, 0xFF, 0xFF, 0xFF, 0xFF, 0xFF, 0xF0, 
		0xFF, 0xFF, 0xFF, 0xFF, 0xFF, 0xFF, 0xFF, 0xFF, 0x80, 0x00, 0x00, 0x1F, 
		0xFF, 0xFF, 0xFF, 0xFF, 0xFF, 0xFF, 0xFF, 0xF0, 0xFF, 0xFF, 0xFF, 0xFF, 
		0xFF, 0xFF, 0xFF, 0xFF, 0xE0, 0x00, 0x00, 0x7F, 0xFF, 0xFF, 0xFF, 0xFF, 
		0xFF, 0xFF, 0xFF, 0xF0, 0xFF, 0xFF, 0xFF, 0xFF, 0xFF, 0xFF, 0xFF, 0xFF, 
		0xFC, 0x00, 0x03, 0xFF, 0xFF, 0xFF, 0xFF, 0xFF, 0xFF, 0xFF, 0xFF, 0xF0, 
		0xFF, 0xFF, 0xFF, 0xFF, 0xFF, 0xFF, 0xFF, 0xFF, 0xFF, 0xC0, 0x1F, 0xFF, 
		0xFF, 0xFF, 0xFF, 0xFF, 0xFF, 0xFF, 0xFF, 0xF0, 
	ID(Start_small), TYPEID_OUTPICT, WORD(45), WORD(59), WORD(64), 
		0, 1, COLOR_WHITE, LONG(512UL), 0, 
		0xCF, 0xFF, 0xFF, 0xFF, 0xFF, 0xFF, 0xFF, 0xE0, 0xC3, 0xFF, 0xFF, 0xFF, 
		0xFF, 0xFF, 0xFF, 0xE0, 0x80, 0xFF, 0xFF, 0xFF, 0xFF, 0xFF, 0xFF, 0xE0, 
		0x80, 0x3F, 0xFF, 0xFF, 0xFF, 0xFF, 0xFF, 0xE0, 0x80, 0x07, 0xFF, 0xFF, 
		0xFF, 0xFF, 0xFF, 0xE0, 0x80, 0x01, 0xFF, 0xFF, 0xFF, 0xFF, 0xFF, 0xE0, 
		0x80, 0x00, 0x7F, 0xFF, 0xFF, 0xFF, 0xFF, 0xE0, 0x80, 0x00, 0x1F, 0xFF, 
		0xFF, 0xFF, 0xFF, 0xE0, 0x80, 0x00, 0x0F, 0xFF, 0xFF, 0xFF, 0xFF, 0xE0, 
		0x80, 0x00, 0x03, 0xFF, 0xFF, 0xFF, 0xFF, 0xE0, 0x80, 0x00, 0x00, 0xFF, 
		0xFF, 0xFF, 0xFF, 0xE0, 0x80, 0x00, 0x00, 0x3F, 0xFF, 0xFF, 0xFF, 0xE0, 
		0x80, 0x00, 0x00, 0x0F, 0xFF, 0xFF, 0xFF, 0xE0, 0x80, 0x00, 0x00, 0x03, 
		0xFF, 0xFF, 0xFF, 0xE0, 0x00, 0x00, 0x00, 0x01, 0xFF, 0xFF, 0xFF, 0xE0, 
		0x00, 0x00, 0x00, 0x00, 0x7F, 0xFF, 0xFF, 0xE0, 0x00, 0x00, 0x00, 0x00, 
		0x1F, 0xFF, 0xFF, 0xE0, 0x00, 0x00, 0x00, 0x00, 0x07, 0xFF, 0xFF, 0xE0, 
		0x00, 0x00, 0x00, 0x00, 0x01, 0xFF, 0xFF, 0xE0, 0x00, 0x00, 0x00, 0x00, 
		0x00, 0x7F, 0xFF, 0xE0, 0x00, 0x00, 0x00, 0x00, 0x00, 0x3F, 0xFF, 0xE0, 
		0x00, 0x00, 0x00, 0x00, 0x00, 0x0F, 0xFF, 0xE0, 0x00, 0x00, 0x00, 0x00, 
		0x00, 0x07, 0xFF, 0xE0, 0x00, 0x00, 0x00, 0x00, 0x00, 0x01, 0xFF, 0xE0, 
		0x00, 0x00, 0x00, 0x00, 0x00, 0x00, 0x7F, 0xE0, 0x00, 0x00, 0x00, 0x00, 
		0x00, 0x00, 0x1F, 0xE0, 0x00, 0x00, 0x00, 0x00, 0x00, 0x00, 0x0F, 0xE0, 
		0x00, 0x00, 0x00, 0x00, 0x00, 0x00, 0x03, 0xE0, 0x00, 0x00, 0x00, 0x00, 
		0x00, 0x00, 0x01, 0xE0, 0x00, 0x00, 0x00, 0x00, 0x00, 0x00, 0x00, 0x60, 
		0x00, 0x00, 0x00, 0x00, 0x00, 0x00, 0x00, 0x20, 0x00, 0x00, 0x00, 0x00, 
		0x00, 0x00, 0x00, 0x00, 0x00, 0x00, 0x00, 0x00, 0x00, 0x00, 0x00, 0x00, 
		0x00, 0x00, 0x00, 0x00, 0x00, 0x00, 0x00, 0x20, 0x00, 0x00, 0x00, 0x00, 
		0x00, 0x00, 0x00, 0xE0, 0x00, 0x00, 0x00, 0x00, 0x00, 0x00, 0x01, 0xE0, 
		0x00, 0x00, 0x00, 0x00, 0x00, 0x00, 0x07, 0xE0, 0x00, 0x00, 0x00, 0x00, 
		0x00, 0x00, 0x0F, 0xE0, 0x00, 0x00, 0x00, 0x00, 0x00, 0x00, 0x3F, 0xE0, 
		0x00, 0x00, 0x00, 0x00, 0x00, 0x00, 0xFF, 0xE0, 0x00, 0x00, 0x00, 0x00, 
		0x00, 0x01, 0xFF, 0xE0, 0x00, 0x00, 0x00, 0x00, 0x00, 0x03, 0xFF, 0xE0, 
		0x00, 0x00, 0x00, 0x00, 0x00, 0x0F, 0xFF, 0xE0, 0x00, 0x00, 0x00, 0x00, 
		0x00, 0x3F, 0xFF, 0xE0, 0x00, 0x00, 0x00, 0x00, 0x00, 0xFF, 0xFF, 0xE0, 
		0x00, 0x00, 0x00, 0x00, 0x03, 0xFF, 0xFF, 0xE0, 0x00, 0x00, 0x00, 0x00, 
		0x07, 0xFF, 0xFF, 0xE0, 0x00, 0x00, 0x00, 0x00, 0x1F, 0xFF, 0xFF, 0xE0, 
		0x00, 0x00, 0x00, 0x00, 0x7F, 0xFF, 0xFF, 0xE0, 0x00, 0x00, 0x00, 0x01, 
		0xFF, 0xFF, 0xFF, 0xE0, 0x00, 0x00, 0x00, 0x07, 0xFF, 0xFF, 0xFF, 0xE0, 
		0x00, 0x00, 0x00, 0x1F, 0xFF, 0xFF, 0xFF, 0xE0, 0x00, 0x00, 0x00, 0x3F, 
		0xFF, 0xFF, 0xFF, 0xE0, 0x00, 0x00, 0x00, 0xFF, 0xFF, 0xFF, 0xFF, 0xE0, 
		0x80, 0x00, 0x03, 0xFF, 0xFF, 0xFF, 0xFF, 0xE0, 0x80, 0x00, 0x0F, 0xFF, 
		0xFF, 0xFF, 0xFF, 0xE0, 0x80, 0x00, 0x3F, 0xFF, 0xFF, 0xFF, 0xFF, 0xE0, 
		0x80, 0x00, 0xFF, 0xFF, 0xFF, 0xFF, 0xFF, 0xE0, 0x80, 0x03, 0xFF, 0xFF, 
		0xFF, 0xFF, 0xFF, 0xE0, 0x80, 0x0F, 0xFF, 0xFF, 0xFF, 0xFF, 0xFF, 0xE0, 
		0x80, 0x1F, 0xFF, 0xFF, 0xFF, 0xFF, 0xFF, 0xE0, 0x80, 0x7F, 0xFF, 0xFF, 
		0xFF, 0xFF, 0xFF, 0xE0, 0x83, 0xFF, 0xFF, 0xFF, 0xFF, 0xFF, 0xFF, 0xE0, 
		0xCF, 0xFF, 0xFF, 0xFF, 0xFF, 0xFF, 0xFF, 0xE0, 
	ID(NumberVariable_Baumzaehler), TYPEID_VARNUM, LONG(0UL), 
	ID(NumberVariable_Einsatzdauer_Minuten), TYPEID_VARNUM, LONG(0UL), 
	ID(NumberVariable_Einsatzdauer_Stunden), TYPEID_VARNUM, LONG(0UL), 
	ID(FontAttributes_6x8), TYPEID_FONTATTR, COLOR_BLACK, 0, 0, 0, 0, 
	ID(FontAttributes_12x16), TYPEID_FONTATTR, COLOR_BLACK, 3, 0, 0, 0, 
	ID(FontAttributes_16x24), TYPEID_FONTATTR, COLOR_BLACK, 5, 0, 0, 0, 
	ID(ObjectPointer_NULL), TYPEID_OBJPTR, ID(ID_NULL), 
}; // isoOP_DefaultPool
